sample_id,split,speaker_id,noise_category,noise_source,provenance,system_config,input_snr_db,output_snr_db,delta_snr_db,si_sdr_db,stoi,pesq,processing_time_ms,rtf,cpu_percent,ram_mb
SPK_009__tank_engine_t90__+5dB,TEST_A_UNSEEN_SPEAKER,SPK_009,STATIONARY,tank_engine_t90,STANDARDIZED_SIMULATION,CONFIG_0_NOISY,5.0,5.0,0.0,5.02,0.824,1.03,0.33,0.0001,15.0,251.5
SPK_009__tank_engine_t90__+5dB,TEST_A_UNSEEN_SPEAKER,SPK_009,STATIONARY,tank_engine_t90,STANDARDIZED_SIMULATION,CONFIG_1_SPECTRAL_SUB,5.0,1.11,-3.89,-1.33,0.7,1.05,42.53,0.0142,15.0,259.2
SPK_009__tank_engine_t90__+5dB,TEST_A_UNSEEN_SPEAKER,SPK_009,STATIONARY,tank_engine_t90,STANDARDIZED_SIMULATION,CONFIG_2_WIENER,5.0,1.15,-3.85,-2.16,0.698,1.05,39.04,0.013,15.0,258.9
SPK_009__tank_engine_t90__+5dB,TEST_A_UNSEEN_SPEAKER,SPK_009,STATIONARY,tank_engine_t90,STANDARDIZED_SIMULATION,CONFIG_3_NLMS_ONLY,5.0,2.86,-2.14,-0.2,0.865,1.06,3721.48,1.2405,15.0,259.0
SPK_009__tank_engine_t90__+5dB,TEST_A_UNSEEN_SPEAKER,SPK_009,STATIONARY,tank_engine_t90,STANDARDIZED_SIMULATION,CONFIG_4_VSS_NLMS_ONLY,5.0,9.81,4.81,9.34,0.865,1.03,5528.77,1.8429,15.0,259.0
SPK_009__tank_engine_t90__+5dB,TEST_A_UNSEEN_SPEAKER,SPK_009,STATIONARY,tank_engine_t90,STANDARDIZED_SIMULATION,CONFIG_5_AI_ONLY,5.0,5.0,0.0,5.17,0.826,1.03,3212.62,1.0709,15.0,281.2
SPK_009__tank_engine_t90__+5dB,TEST_A_UNSEEN_SPEAKER,SPK_009,STATIONARY,tank_engine_t90,STANDARDIZED_SIMULATION,CONFIG_6_HYBRID_NLMS_AI,5.0,1.79,-3.21,-0.24,0.866,1.06,3457.71,1.1526,15.0,284.7
SPK_009__tank_engine_t90__+5dB,TEST_A_UNSEEN_SPEAKER,SPK_009,STATIONARY,tank_engine_t90,STANDARDIZED_SIMULATION,CONFIG_7_HYBRID_PROTECTED,5.0,4.97,-0.03,9.67,0.866,1.03,8392.6,2.7975,15.0,282.8
SPK_009__diesel_idle_apc__+10dB,TEST_A_UNSEEN_SPEAKER,SPK_009,STATIONARY,diesel_idle_apc,STANDARDIZED_SIMULATION,CONFIG_0_NOISY,10.0,10.0,0.0,10.01,0.881,1.05,0.07,0.0,15.0,282.8
SPK_009__diesel_idle_apc__+10dB,TEST_A_UNSEEN_SPEAKER,SPK_009,STATIONARY,diesel_idle_apc,STANDARDIZED_SIMULATION,CONFIG_1_SPECTRAL_SUB,10.0,1.18,-8.82,-1.2,0.754,1.08,28.83,0.0096,15.0,284.6
SPK_009__diesel_idle_apc__+10dB,TEST_A_UNSEEN_SPEAKER,SPK_009,STATIONARY,diesel_idle_apc,STANDARDIZED_SIMULATION,CONFIG_2_WIENER,10.0,1.23,-8.77,-1.99,0.747,1.08,35.11,0.0117,15.0,282.4
SPK_009__diesel_idle_apc__+10dB,TEST_A_UNSEEN_SPEAKER,SPK_009,STATIONARY,diesel_idle_apc,STANDARDIZED_SIMULATION,CONFIG_3_NLMS_ONLY,10.0,1.72,-8.28,-3.09,0.839,1.05,3457.94,1.1526,15.0,285.3
SPK_009__diesel_idle_apc__+10dB,TEST_A_UNSEEN_SPEAKER,SPK_009,STATIONARY,diesel_idle_apc,STANDARDIZED_SIMULATION,CONFIG_4_VSS_NLMS_ONLY,10.0,11.86,1.86,12.62,0.92,1.05,5445.41,1.8151,15.0,283.4
SPK_009__diesel_idle_apc__+10dB,TEST_A_UNSEEN_SPEAKER,SPK_009,STATIONARY,diesel_idle_apc,STANDARDIZED_SIMULATION,CONFIG_5_AI_ONLY,10.0,5.83,-4.17,10.23,0.882,1.06,3109.91,1.0366,15.0,284.0
SPK_009__diesel_idle_apc__+10dB,TEST_A_UNSEEN_SPEAKER,SPK_009,STATIONARY,diesel_idle_apc,STANDARDIZED_SIMULATION,CONFIG_6_HYBRID_NLMS_AI,10.0,1.13,-8.87,-3.14,0.84,1.05,3684.08,1.228,15.0,283.0
SPK_009__diesel_idle_apc__+10dB,TEST_A_UNSEEN_SPEAKER,SPK_009,STATIONARY,diesel_idle_apc,STANDARDIZED_SIMULATION,CONFIG_7_HYBRID_PROTECTED,10.0,4.68,-5.32,12.99,0.921,1.06,7621.01,2.5403,15.0,284.2
SPK_001__tank_engine_heldout_rec__+0dB,TEST_B_UNSEEN_NOISE_REC,SPK_001,STATIONARY,tank_engine_heldout_rec,STANDARDIZED_SIMULATION,CONFIG_0_NOISY,-0.0,0.0,0.0,0.15,0.83,1.03,0.08,0.0,15.0,281.3
SPK_001__tank_engine_heldout_rec__+0dB,TEST_B_UNSEEN_NOISE_REC,SPK_001,STATIONARY,tank_engine_heldout_rec,STANDARDIZED_SIMULATION,CONFIG_1_SPECTRAL_SUB,-0.0,1.58,1.58,-0.6,0.709,1.04,33.89,0.0113,15.0,284.9
SPK_001__tank_engine_heldout_rec__+0dB,TEST_B_UNSEEN_NOISE_REC,SPK_001,STATIONARY,tank_engine_heldout_rec,STANDARDIZED_SIMULATION,CONFIG_2_WIENER,-0.0,1.56,1.56,-1.95,0.719,1.05,41.16,0.0137,15.0,284.9
SPK_001__tank_engine_heldout_rec__+0dB,TEST_B_UNSEEN_NOISE_REC,SPK_001,STATIONARY,tank_engine_heldout_rec,STANDARDIZED_SIMULATION,CONFIG_3_NLMS_ONLY,-0.0,4.56,4.56,2.91,0.85,1.06,3580.35,1.1934,15.0,284.6
SPK_001__tank_engine_heldout_rec__+0dB,TEST_B_UNSEEN_NOISE_REC,SPK_001,STATIONARY,tank_engine_heldout_rec,STANDARDIZED_SIMULATION,CONFIG_4_VSS_NLMS_ONLY,-0.0,5.29,5.29,4.67,0.854,1.03,5429.48,1.8098,15.0,283.9
SPK_001__tank_engine_heldout_rec__+0dB,TEST_B_UNSEEN_NOISE_REC,SPK_001,STATIONARY,tank_engine_heldout_rec,STANDARDIZED_SIMULATION,CONFIG_5_AI_ONLY,-0.0,3.07,3.07,0.12,0.831,1.03,3376.15,1.1254,15.0,283.9
SPK_001__tank_engine_heldout_rec__+0dB,TEST_B_UNSEEN_NOISE_REC,SPK_001,STATIONARY,tank_engine_heldout_rec,STANDARDIZED_SIMULATION,CONFIG_6_HYBRID_NLMS_AI,-0.0,2.62,2.62,2.93,0.851,1.06,3406.62,1.1355,15.0,283.9
SPK_001__tank_engine_heldout_rec__+0dB,TEST_B_UNSEEN_NOISE_REC,SPK_001,STATIONARY,tank_engine_heldout_rec,STANDARDIZED_SIMULATION,CONFIG_7_HYBRID_PROTECTED,-0.0,4.54,4.54,4.96,0.856,1.03,7961.74,2.6539,15.0,283.9
SPK_001__helicopter_rotor_heldout_rec__+10dB,TEST_B_UNSEEN_NOISE_REC,SPK_001,PERIODIC_ROTOR,helicopter_rotor_heldout_rec,STANDARDIZED_SIMULATION,CONFIG_0_NOISY,10.0,10.0,0.0,10.02,0.924,1.22,0.07,0.0,15.0,283.9
SPK_001__helicopter_rotor_heldout_rec__+10dB,TEST_B_UNSEEN_NOISE_REC,SPK_001,PERIODIC_ROTOR,helicopter_rotor_heldout_rec,STANDARDIZED_SIMULATION,CONFIG_1_SPECTRAL_SUB,10.0,1.82,-8.18,-0.24,0.785,1.11,36.32,0.0121,15.0,284.6
SPK_001__helicopter_rotor_heldout_rec__+10dB,TEST_B_UNSEEN_NOISE_REC,SPK_001,PERIODIC_ROTOR,helicopter_rotor_heldout_rec,STANDARDIZED_SIMULATION,CONFIG_2_WIENER,10.0,1.88,-8.12,-1.05,0.786,1.14,35.28,0.0118,15.0,284.6
SPK_001__helicopter_rotor_heldout_rec__+10dB,TEST_B_UNSEEN_NOISE_REC,SPK_001,PERIODIC_ROTOR,helicopter_rotor_heldout_rec,STANDARDIZED_SIMULATION,CONFIG_3_NLMS_ONLY,10.0,0.73,-9.27,-7.36,0.809,1.03,3422.54,1.1408,15.0,281.8
SPK_001__helicopter_rotor_heldout_rec__+10dB,TEST_B_UNSEEN_NOISE_REC,SPK_001,PERIODIC_ROTOR,helicopter_rotor_heldout_rec,STANDARDIZED_SIMULATION,CONFIG_4_VSS_NLMS_ONLY,10.0,12.5,2.5,14.33,0.962,1.27,5412.06,1.804,15.0,284.6
SPK_001__helicopter_rotor_heldout_rec__+10dB,TEST_B_UNSEEN_NOISE_REC,SPK_001,PERIODIC_ROTOR,helicopter_rotor_heldout_rec,STANDARDIZED_SIMULATION,CONFIG_5_AI_ONLY,10.0,5.82,-4.18,10.22,0.925,1.23,3319.82,1.1066,15.0,282.6
SPK_001__helicopter_rotor_heldout_rec__+10dB,TEST_B_UNSEEN_NOISE_REC,SPK_001,PERIODIC_ROTOR,helicopter_rotor_heldout_rec,STANDARDIZED_SIMULATION,CONFIG_6_HYBRID_NLMS_AI,10.0,0.52,-9.48,-7.4,0.81,1.03,3914.59,1.3049,15.0,284.6
SPK_001__helicopter_rotor_heldout_rec__+10dB,TEST_B_UNSEEN_NOISE_REC,SPK_001,PERIODIC_ROTOR,helicopter_rotor_heldout_rec,STANDARDIZED_SIMULATION,CONFIG_7_HYBRID_PROTECTED,10.0,4.62,-5.38,14.7,0.963,1.28,7283.01,2.4277,15.0,284.8
SPK_001__gunfire_transient_insas__+5dB,TEST_C_UNSEEN_NOISE_CATEGORY,SPK_001,IMPULSIVE_DEFENCE,gunfire_transient_insas,STANDARDIZED_SIMULATION,CONFIG_0_NOISY,5.0,5.0,0.0,5.16,0.915,1.59,0.09,0.0,15.0,283.3
SPK_001__gunfire_transient_insas__+5dB,TEST_C_UNSEEN_NOISE_CATEGORY,SPK_001,IMPULSIVE_DEFENCE,gunfire_transient_insas,STANDARDIZED_SIMULATION,CONFIG_1_SPECTRAL_SUB,5.0,0.24,-4.76,-8.11,0.754,1.09,36.53,0.0122,15.0,284.6
SPK_001__gunfire_transient_insas__+5dB,TEST_C_UNSEEN_NOISE_CATEGORY,SPK_001,IMPULSIVE_DEFENCE,gunfire_transient_insas,STANDARDIZED_SIMULATION,CONFIG_2_WIENER,5.0,0.26,-4.74,-7.75,0.728,1.18,48.22,0.0161,15.0,284.7
SPK_001__gunfire_transient_insas__+5dB,TEST_C_UNSEEN_NOISE_CATEGORY,SPK_001,IMPULSIVE_DEFENCE,gunfire_transient_insas,STANDARDIZED_SIMULATION,CONFIG_3_NLMS_ONLY,5.0,4.13,-0.87,3.92,0.887,1.54,3538.92,1.1796,15.0,283.7
SPK_001__gunfire_transient_insas__+5dB,TEST_C_UNSEEN_NOISE_CATEGORY,SPK_001,IMPULSIVE_DEFENCE,gunfire_transient_insas,STANDARDIZED_SIMULATION,CONFIG_4_VSS_NLMS_ONLY,5.0,12.0,7.0,11.99,0.918,1.61,5529.72,1.8432,15.0,283.4
SPK_001__gunfire_transient_insas__+5dB,TEST_C_UNSEEN_NOISE_CATEGORY,SPK_001,IMPULSIVE_DEFENCE,gunfire_transient_insas,STANDARDIZED_SIMULATION,CONFIG_5_AI_ONLY,5.0,4.84,-0.16,4.85,0.916,1.56,3521.55,1.1738,15.0,284.3
SPK_001__gunfire_transient_insas__+5dB,TEST_C_UNSEEN_NOISE_CATEGORY,SPK_001,IMPULSIVE_DEFENCE,gunfire_transient_insas,STANDARDIZED_SIMULATION,CONFIG_6_HYBRID_NLMS_AI,5.0,3.87,-1.13,4.03,0.882,1.5,3061.1,1.0204,15.0,284.4
SPK_001__gunfire_transient_insas__+5dB,TEST_C_UNSEEN_NOISE_CATEGORY,SPK_001,IMPULSIVE_DEFENCE,gunfire_transient_insas,STANDARDIZED_SIMULATION,CONFIG_7_HYBRID_PROTECTED,5.0,5.95,0.95,12.25,0.919,1.57,7942.62,2.6475,15.0,284.4
SPK_001__artillery_blast_dhanush__+10dB,TEST_C_UNSEEN_NOISE_CATEGORY,SPK_001,IMPULSIVE_DEFENCE,artillery_blast_dhanush,STANDARDIZED_SIMULATION,CONFIG_0_NOISY,10.0,10.0,0.0,10.09,0.917,2.67,0.07,0.0,15.0,284.4
SPK_001__artillery_blast_dhanush__+10dB,TEST_C_UNSEEN_NOISE_CATEGORY,SPK_001,IMPULSIVE_DEFENCE,artillery_blast_dhanush,STANDARDIZED_SIMULATION,CONFIG_1_SPECTRAL_SUB,10.0,1.29,-8.71,-4.48,0.758,1.17,42.56,0.0142,15.0,284.4
SPK_001__artillery_blast_dhanush__+10dB,TEST_C_UNSEEN_NOISE_CATEGORY,SPK_001,IMPULSIVE_DEFENCE,artillery_blast_dhanush,STANDARDIZED_SIMULATION,CONFIG_2_WIENER,10.0,1.33,-8.67,-4.4,0.732,1.33,51.69,0.0172,15.0,284.4
SPK_001__artillery_blast_dhanush__+10dB,TEST_C_UNSEEN_NOISE_CATEGORY,SPK_001,IMPULSIVE_DEFENCE,artillery_blast_dhanush,STANDARDIZED_SIMULATION,CONFIG_3_NLMS_ONLY,10.0,15.07,5.07,15.07,0.907,2.74,3513.63,1.1712,15.0,284.4
SPK_001__artillery_blast_dhanush__+10dB,TEST_C_UNSEEN_NOISE_CATEGORY,SPK_001,IMPULSIVE_DEFENCE,artillery_blast_dhanush,STANDARDIZED_SIMULATION,CONFIG_4_VSS_NLMS_ONLY,10.0,15.92,5.92,15.93,0.914,2.66,5481.4,1.8271,15.0,284.4
SPK_001__artillery_blast_dhanush__+10dB,TEST_C_UNSEEN_NOISE_CATEGORY,SPK_001,IMPULSIVE_DEFENCE,artillery_blast_dhanush,STANDARDIZED_SIMULATION,CONFIG_5_AI_ONLY,10.0,5.76,-4.24,9.88,0.917,2.53,3612.83,1.2043,15.0,284.4
SPK_001__artillery_blast_dhanush__+10dB,TEST_C_UNSEEN_NOISE_CATEGORY,SPK_001,IMPULSIVE_DEFENCE,artillery_blast_dhanush,STANDARDIZED_SIMULATION,CONFIG_6_HYBRID_NLMS_AI,10.0,6.17,-3.83,18.17,0.927,2.68,3385.91,1.1286,15.0,284.4
SPK_001__artillery_blast_dhanush__+10dB,TEST_C_UNSEEN_NOISE_CATEGORY,SPK_001,IMPULSIVE_DEFENCE,artillery_blast_dhanush,STANDARDIZED_SIMULATION,CONFIG_7_HYBRID_PROTECTED,10.0,6.13,-3.87,16.1,0.914,2.52,7878.27,2.6261,15.0,284.4
SPK_001__tank_engine_t90__+5dB,TRAIN,SPK_001,STATIONARY,tank_engine_t90,STANDARDIZED_SIMULATION,CONFIG_0_NOISY,5.0,5.0,0.0,5.08,0.872,1.03,0.1,0.0,15.0,284.4
SPK_001__tank_engine_t90__+5dB,TRAIN,SPK_001,STATIONARY,tank_engine_t90,STANDARDIZED_SIMULATION,CONFIG_1_SPECTRAL_SUB,5.0,1.69,-3.31,-0.12,0.744,1.06,35.42,0.0118,15.0,284.4
SPK_001__tank_engine_t90__+5dB,TRAIN,SPK_001,STATIONARY,tank_engine_t90,STANDARDIZED_SIMULATION,CONFIG_2_WIENER,5.0,1.73,-3.27,-1.27,0.737,1.06,37.45,0.0125,15.0,284.3
SPK_001__tank_engine_t90__+5dB,TRAIN,SPK_001,STATIONARY,tank_engine_t90,STANDARDIZED_SIMULATION,CONFIG_3_NLMS_ONLY,5.0,8.26,3.26,7.68,0.883,1.13,3685.88,1.2286,15.0,283.2
SPK_001__tank_engine_t90__+5dB,TRAIN,SPK_001,STATIONARY,tank_engine_t90,STANDARDIZED_SIMULATION,CONFIG_4_VSS_NLMS_ONLY,5.0,9.29,4.29,9.36,0.893,1.04,5614.97,1.8717,15.0,282.7
SPK_001__tank_engine_t90__+5dB,TRAIN,SPK_001,STATIONARY,tank_engine_t90,STANDARDIZED_SIMULATION,CONFIG_5_AI_ONLY,5.0,5.04,0.04,5.23,0.874,1.03,3765.07,1.255,15.0,284.8
SPK_001__tank_engine_t90__+5dB,TRAIN,SPK_001,STATIONARY,tank_engine_t90,STANDARDIZED_SIMULATION,CONFIG_6_HYBRID_NLMS_AI,5.0,4.91,-0.09,7.77,0.884,1.15,3055.59,1.0185,15.0,283.1
SPK_001__tank_engine_t90__+5dB,TRAIN,SPK_001,STATIONARY,tank_engine_t90,STANDARDIZED_SIMULATION,CONFIG_7_HYBRID_PROTECTED,5.0,5.8,0.8,9.66,0.894,1.04,7052.14,2.3507,15.0,282.9
SPK_001__diesel_idle_apc__+10dB,TRAIN,SPK_001,STATIONARY,diesel_idle_apc,STANDARDIZED_SIMULATION,CONFIG_0_NOISY,10.0,10.0,0.0,10.05,0.911,1.06,0.09,0.0,15.0,285.0
SPK_001__diesel_idle_apc__+10dB,TRAIN,SPK_001,STATIONARY,diesel_idle_apc,STANDARDIZED_SIMULATION,CONFIG_1_SPECTRAL_SUB,10.0,1.77,-8.23,0.02,0.776,1.11,32.92,0.011,15.0,284.5
SPK_001__diesel_idle_apc__+10dB,TRAIN,SPK_001,STATIONARY,diesel_idle_apc,STANDARDIZED_SIMULATION,CONFIG_2_WIENER,10.0,1.82,-8.18,-1.12,0.773,1.1,38.18,0.0127,15.0,283.4
SPK_001__diesel_idle_apc__+10dB,TRAIN,SPK_001,STATIONARY,diesel_idle_apc,STANDARDIZED_SIMULATION,CONFIG_3_NLMS_ONLY,10.0,8.4,-1.6,7.82,0.876,1.16,3992.79,1.3309,15.0,283.4
SPK_001__diesel_idle_apc__+10dB,TRAIN,SPK_001,STATIONARY,diesel_idle_apc,STANDARDIZED_SIMULATION,CONFIG_4_VSS_NLMS_ONLY,10.0,14.77,4.77,14.8,0.939,1.09,5367.83,1.7893,15.0,284.0
SPK_001__diesel_idle_apc__+10dB,TRAIN,SPK_001,STATIONARY,diesel_idle_apc,STANDARDIZED_SIMULATION,CONFIG_5_AI_ONLY,10.0,5.85,-4.15,10.27,0.912,1.07,3497.8,1.1659,15.0,284.8
SPK_001__diesel_idle_apc__+10dB,TRAIN,SPK_001,STATIONARY,diesel_idle_apc,STANDARDIZED_SIMULATION,CONFIG_6_HYBRID_NLMS_AI,10.0,4.91,-5.09,7.79,0.877,1.16,3782.95,1.261,15.0,284.6
SPK_001__diesel_idle_apc__+10dB,TRAIN,SPK_001,STATIONARY,diesel_idle_apc,STANDARDIZED_SIMULATION,CONFIG_7_HYBRID_PROTECTED,10.0,6.12,-3.88,15.03,0.939,1.1,8111.94,2.704,15.0,284.8
