sample_id,split,speaker_id,noise_category,noise_source,system_config,ai_backend,input_snr_db,output_snr_db,delta_snr_db,si_sdr_db,stoi,pesq,processing_time_ms,rtf,model_params,ram_mb
SPK_009__tank_engine_t90__+5dB,TEST_A_UNSEEN_SPEAKER,SPK_009,STATIONARY,tank_engine_t90,CONFIG_0_NOISY,none,5.0,5.0,0.0,5.02,0.824,1.03,0.34,0.0001,0,264.8
SPK_009__tank_engine_t90__+5dB,TEST_A_UNSEEN_SPEAKER,SPK_009,STATIONARY,tank_engine_t90,CONFIG_1_SPECTRAL_SUB,none,5.0,1.11,-3.89,-1.33,0.7,1.05,26.97,0.009,0,273.2
SPK_009__tank_engine_t90__+5dB,TEST_A_UNSEEN_SPEAKER,SPK_009,STATIONARY,tank_engine_t90,CONFIG_2_WIENER,none,5.0,1.15,-3.85,-2.16,0.698,1.05,54.6,0.0182,0,273.4
SPK_009__tank_engine_t90__+5dB,TEST_A_UNSEEN_SPEAKER,SPK_009,STATIONARY,tank_engine_t90,CONFIG_4_VSS_NLMS_ONLY,none,5.0,9.81,4.81,9.34,0.865,1.03,4124.33,1.3748,0,270.4
SPK_009__tank_engine_t90__+5dB,TEST_A_UNSEEN_SPEAKER,SPK_009,STATIONARY,tank_engine_t90,HYBRID_PROTECTED_TinyEnhancer_V3,TinyEnhancer_V3,5.0,11.51,6.51,11.92,0.869,1.15,5754.63,1.9182,9569,291.0
SPK_009__tank_engine_t90__+5dB,TEST_A_UNSEEN_SPEAKER,SPK_009,STATIONARY,tank_engine_t90,HYBRID_VANILLA_TinyEnhancer_V3,TinyEnhancer_V3,5.0,2.53,-2.47,0.19,0.724,1.1,2969.2,0.9897,9569,292.9
SPK_009__tank_engine_t90__+5dB,TEST_A_UNSEEN_SPEAKER,SPK_009,STATIONARY,tank_engine_t90,HYBRID_PROTECTED_DTLN,DTLN,5.0,-0.01,-5.01,-39.85,0.626,1.03,6113.36,2.0378,989315,290.1
SPK_009__tank_engine_t90__+5dB,TEST_A_UNSEEN_SPEAKER,SPK_009,STATIONARY,tank_engine_t90,HYBRID_VANILLA_DTLN,DTLN,5.0,-0.01,-5.01,-46.12,0.617,1.02,2631.38,0.8771,989315,293.2
SPK_009__tank_engine_t90__+5dB,TEST_A_UNSEEN_SPEAKER,SPK_009,STATIONARY,tank_engine_t90,HYBRID_PROTECTED_CRN_Micro,CRN_Micro,5.0,12.11,7.11,13.04,0.874,2.07,5847.67,1.9492,986457,311.1
SPK_009__tank_engine_t90__+5dB,TEST_A_UNSEEN_SPEAKER,SPK_009,STATIONARY,tank_engine_t90,HYBRID_VANILLA_CRN_Micro,CRN_Micro,5.0,3.08,-1.92,1.51,0.813,1.59,2943.05,0.981,986457,316.6
SPK_009__diesel_idle_apc__+10dB,TEST_A_UNSEEN_SPEAKER,SPK_009,STATIONARY,diesel_idle_apc,CONFIG_0_NOISY,none,10.0,10.0,0.0,10.01,0.881,1.05,0.08,0.0,0,313.7
SPK_009__diesel_idle_apc__+10dB,TEST_A_UNSEEN_SPEAKER,SPK_009,STATIONARY,diesel_idle_apc,CONFIG_1_SPECTRAL_SUB,none,10.0,1.18,-8.82,-1.2,0.754,1.08,26.56,0.0089,0,315.8
SPK_009__diesel_idle_apc__+10dB,TEST_A_UNSEEN_SPEAKER,SPK_009,STATIONARY,diesel_idle_apc,CONFIG_2_WIENER,none,10.0,1.23,-8.77,-1.99,0.747,1.08,28.47,0.0095,0,317.2
SPK_009__diesel_idle_apc__+10dB,TEST_A_UNSEEN_SPEAKER,SPK_009,STATIONARY,diesel_idle_apc,CONFIG_4_VSS_NLMS_ONLY,none,10.0,11.86,1.86,12.62,0.92,1.05,4028.52,1.3428,0,317.2
SPK_009__diesel_idle_apc__+10dB,TEST_A_UNSEEN_SPEAKER,SPK_009,STATIONARY,diesel_idle_apc,HYBRID_PROTECTED_TinyEnhancer_V3,TinyEnhancer_V3,10.0,11.57,1.57,12.98,0.913,1.55,5815.18,1.9384,9569,325.1
SPK_009__diesel_idle_apc__+10dB,TEST_A_UNSEEN_SPEAKER,SPK_009,STATIONARY,diesel_idle_apc,HYBRID_VANILLA_TinyEnhancer_V3,TinyEnhancer_V3,10.0,1.34,-8.66,-3.46,0.662,1.07,2600.46,0.8668,9569,325.1
SPK_009__diesel_idle_apc__+10dB,TEST_A_UNSEEN_SPEAKER,SPK_009,STATIONARY,diesel_idle_apc,HYBRID_PROTECTED_DTLN,DTLN,10.0,-0.01,-10.01,-40.36,0.634,1.02,5702.64,1.9009,989315,326.6
SPK_009__diesel_idle_apc__+10dB,TEST_A_UNSEEN_SPEAKER,SPK_009,STATIONARY,diesel_idle_apc,HYBRID_VANILLA_DTLN,DTLN,10.0,-0.01,-10.01,-58.88,0.612,1.02,2656.86,0.8856,989315,326.6
SPK_009__diesel_idle_apc__+10dB,TEST_A_UNSEEN_SPEAKER,SPK_009,STATIONARY,diesel_idle_apc,HYBRID_PROTECTED_CRN_Micro,CRN_Micro,10.0,11.01,1.01,12.46,0.875,2.66,5962.2,1.9874,986457,324.2
SPK_009__diesel_idle_apc__+10dB,TEST_A_UNSEEN_SPEAKER,SPK_009,STATIONARY,diesel_idle_apc,HYBRID_VANILLA_CRN_Micro,CRN_Micro,10.0,1.79,-8.21,-1.34,0.795,1.49,3209.82,1.0699,986457,324.1
SPK_009__generator_hum_50hz__+15dB,TEST_A_UNSEEN_SPEAKER,SPK_009,STATIONARY,generator_hum_50hz,CONFIG_0_NOISY,none,15.0,15.0,0.0,15.01,0.93,1.15,0.1,0.0,0,320.6
SPK_009__generator_hum_50hz__+15dB,TEST_A_UNSEEN_SPEAKER,SPK_009,STATIONARY,generator_hum_50hz,CONFIG_1_SPECTRAL_SUB,none,15.0,1.23,-13.77,-1.43,0.799,1.13,31.5,0.0105,0,322.7
SPK_009__generator_hum_50hz__+15dB,TEST_A_UNSEEN_SPEAKER,SPK_009,STATIONARY,generator_hum_50hz,CONFIG_2_WIENER,none,15.0,1.29,-13.71,-2.18,0.789,1.12,27.77,0.0093,0,323.4
SPK_009__generator_hum_50hz__+15dB,TEST_A_UNSEEN_SPEAKER,SPK_009,STATIONARY,generator_hum_50hz,CONFIG_4_VSS_NLMS_ONLY,none,15.0,10.72,-4.28,13.07,0.957,1.19,4268.4,1.4228,0,323.4
SPK_009__generator_hum_50hz__+15dB,TEST_A_UNSEEN_SPEAKER,SPK_009,STATIONARY,generator_hum_50hz,HYBRID_PROTECTED_TinyEnhancer_V3,TinyEnhancer_V3,15.0,10.15,-4.85,12.36,0.944,1.96,5646.47,1.8822,9569,325.1
SPK_009__generator_hum_50hz__+15dB,TEST_A_UNSEEN_SPEAKER,SPK_009,STATIONARY,generator_hum_50hz,HYBRID_VANILLA_TinyEnhancer_V3,TinyEnhancer_V3,15.0,0.62,-14.38,-7.61,0.617,1.06,2543.33,0.8478,9569,325.1
SPK_009__generator_hum_50hz__+15dB,TEST_A_UNSEEN_SPEAKER,SPK_009,STATIONARY,generator_hum_50hz,HYBRID_PROTECTED_DTLN,DTLN,15.0,-0.01,-15.01,-41.11,0.638,1.02,6142.28,2.0474,989315,325.9
SPK_009__generator_hum_50hz__+15dB,TEST_A_UNSEEN_SPEAKER,SPK_009,STATIONARY,generator_hum_50hz,HYBRID_VANILLA_DTLN,DTLN,15.0,-0.01,-15.01,-53.15,0.588,1.02,2861.37,0.9538,989315,325.9
SPK_009__generator_hum_50hz__+15dB,TEST_A_UNSEEN_SPEAKER,SPK_009,STATIONARY,generator_hum_50hz,HYBRID_PROTECTED_CRN_Micro,CRN_Micro,15.0,9.32,-5.68,11.2,0.878,2.96,6487.13,2.1624,986457,324.2
SPK_009__generator_hum_50hz__+15dB,TEST_A_UNSEEN_SPEAKER,SPK_009,STATIONARY,generator_hum_50hz,HYBRID_VANILLA_CRN_Micro,CRN_Micro,15.0,0.78,-14.22,-5.77,0.782,1.45,2785.67,0.9286,986457,324.1
SPK_001__tank_engine_heldout_rec__+0dB,TEST_B_UNSEEN_NOISE_REC,SPK_001,STATIONARY,tank_engine_heldout_rec,CONFIG_0_NOISY,none,-0.0,0.0,0.0,0.15,0.83,1.03,0.11,0.0,0,322.9
SPK_001__tank_engine_heldout_rec__+0dB,TEST_B_UNSEEN_NOISE_REC,SPK_001,STATIONARY,tank_engine_heldout_rec,CONFIG_1_SPECTRAL_SUB,none,-0.0,1.58,1.58,-0.6,0.709,1.04,30.05,0.01,0,323.6
SPK_001__tank_engine_heldout_rec__+0dB,TEST_B_UNSEEN_NOISE_REC,SPK_001,STATIONARY,tank_engine_heldout_rec,CONFIG_2_WIENER,none,-0.0,1.56,1.56,-1.95,0.719,1.05,28.49,0.0095,0,323.6
SPK_001__tank_engine_heldout_rec__+0dB,TEST_B_UNSEEN_NOISE_REC,SPK_001,STATIONARY,tank_engine_heldout_rec,CONFIG_4_VSS_NLMS_ONLY,none,-0.0,5.32,5.32,4.62,0.856,1.03,4088.04,1.3627,0,323.6
SPK_001__tank_engine_heldout_rec__+0dB,TEST_B_UNSEEN_NOISE_REC,SPK_001,STATIONARY,tank_engine_heldout_rec,HYBRID_PROTECTED_TinyEnhancer_V3,TinyEnhancer_V3,-0.0,8.85,8.85,8.29,0.884,1.04,5759.55,1.9199,9569,325.3
SPK_001__tank_engine_heldout_rec__+0dB,TEST_B_UNSEEN_NOISE_REC,SPK_001,STATIONARY,tank_engine_heldout_rec,HYBRID_VANILLA_TinyEnhancer_V3,TinyEnhancer_V3,-0.0,4.71,4.71,4.01,0.771,1.16,2639.37,0.8798,9569,323.3
SPK_001__tank_engine_heldout_rec__+0dB,TEST_B_UNSEEN_NOISE_REC,SPK_001,STATIONARY,tank_engine_heldout_rec,HYBRID_PROTECTED_DTLN,DTLN,-0.0,-0.03,-0.03,-44.58,0.593,1.02,5628.85,1.8763,989315,326.1
SPK_001__tank_engine_heldout_rec__+0dB,TEST_B_UNSEEN_NOISE_REC,SPK_001,STATIONARY,tank_engine_heldout_rec,HYBRID_VANILLA_DTLN,DTLN,-0.0,-0.02,-0.02,-39.88,0.597,1.02,2649.47,0.8832,989315,326.2
SPK_001__tank_engine_heldout_rec__+0dB,TEST_B_UNSEEN_NOISE_REC,SPK_001,STATIONARY,tank_engine_heldout_rec,HYBRID_PROTECTED_CRN_Micro,CRN_Micro,-0.0,11.94,11.94,11.69,0.922,1.13,5790.98,1.9303,986457,321.2
SPK_001__tank_engine_heldout_rec__+0dB,TEST_B_UNSEEN_NOISE_REC,SPK_001,STATIONARY,tank_engine_heldout_rec,HYBRID_VANILLA_CRN_Micro,CRN_Micro,-0.0,4.85,4.85,4.16,0.803,1.45,2803.72,0.9346,986457,323.4
SPK_001__helicopter_rotor_heldout_rec__+10dB,TEST_B_UNSEEN_NOISE_REC,SPK_001,PERIODIC_ROTOR,helicopter_rotor_heldout_rec,CONFIG_0_NOISY,none,10.0,10.0,0.0,10.02,0.924,1.22,0.07,0.0,0,323.4
SPK_001__helicopter_rotor_heldout_rec__+10dB,TEST_B_UNSEEN_NOISE_REC,SPK_001,PERIODIC_ROTOR,helicopter_rotor_heldout_rec,CONFIG_1_SPECTRAL_SUB,none,10.0,1.82,-8.18,-0.24,0.785,1.11,25.97,0.0087,0,323.4
SPK_001__helicopter_rotor_heldout_rec__+10dB,TEST_B_UNSEEN_NOISE_REC,SPK_001,PERIODIC_ROTOR,helicopter_rotor_heldout_rec,CONFIG_2_WIENER,none,10.0,1.88,-8.12,-1.05,0.786,1.14,38.74,0.0129,0,323.5
SPK_001__helicopter_rotor_heldout_rec__+10dB,TEST_B_UNSEEN_NOISE_REC,SPK_001,PERIODIC_ROTOR,helicopter_rotor_heldout_rec,CONFIG_4_VSS_NLMS_ONLY,none,10.0,12.5,2.5,14.33,0.962,1.27,3963.23,1.3211,0,323.5
SPK_001__helicopter_rotor_heldout_rec__+10dB,TEST_B_UNSEEN_NOISE_REC,SPK_001,PERIODIC_ROTOR,helicopter_rotor_heldout_rec,HYBRID_PROTECTED_TinyEnhancer_V3,TinyEnhancer_V3,10.0,12.72,2.72,15.13,0.959,1.71,6370.3,2.1234,9569,325.2
SPK_001__helicopter_rotor_heldout_rec__+10dB,TEST_B_UNSEEN_NOISE_REC,SPK_001,PERIODIC_ROTOR,helicopter_rotor_heldout_rec,HYBRID_VANILLA_TinyEnhancer_V3,TinyEnhancer_V3,10.0,0.82,-9.18,-5.57,0.698,1.07,2576.44,0.8588,9569,325.2
SPK_001__helicopter_rotor_heldout_rec__+10dB,TEST_B_UNSEEN_NOISE_REC,SPK_001,PERIODIC_ROTOR,helicopter_rotor_heldout_rec,HYBRID_PROTECTED_DTLN,DTLN,10.0,-0.02,-10.02,-39.63,0.617,1.02,5869.78,1.9566,989315,325.4
SPK_001__helicopter_rotor_heldout_rec__+10dB,TEST_B_UNSEEN_NOISE_REC,SPK_001,PERIODIC_ROTOR,helicopter_rotor_heldout_rec,HYBRID_VANILLA_DTLN,DTLN,10.0,-0.01,-10.01,-37.74,0.567,1.02,2760.18,0.9201,989315,325.8
SPK_001__helicopter_rotor_heldout_rec__+10dB,TEST_B_UNSEEN_NOISE_REC,SPK_001,PERIODIC_ROTOR,helicopter_rotor_heldout_rec,HYBRID_PROTECTED_CRN_Micro,CRN_Micro,10.0,11.16,1.16,13.27,0.926,2.91,5669.75,1.8899,986457,323.8
SPK_001__helicopter_rotor_heldout_rec__+10dB,TEST_B_UNSEEN_NOISE_REC,SPK_001,PERIODIC_ROTOR,helicopter_rotor_heldout_rec,HYBRID_VANILLA_CRN_Micro,CRN_Micro,10.0,0.76,-9.24,-5.27,0.808,1.27,2723.54,0.9078,986457,320.3
SPK_002__tank_engine_heldout_rec__-5dB,TEST_B_UNSEEN_NOISE_REC,SPK_002,STATIONARY,tank_engine_heldout_rec,CONFIG_0_NOISY,none,-5.0,-5.0,0.0,-5.02,0.723,1.02,0.08,0.0,0,323.1
SPK_002__tank_engine_heldout_rec__-5dB,TEST_B_UNSEEN_NOISE_REC,SPK_002,STATIONARY,tank_engine_heldout_rec,CONFIG_1_SPECTRAL_SUB,none,-5.0,1.31,6.31,-2.68,0.59,1.03,28.84,0.0096,0,323.7
SPK_002__tank_engine_heldout_rec__-5dB,TEST_B_UNSEEN_NOISE_REC,SPK_002,STATIONARY,tank_engine_heldout_rec,CONFIG_2_WIENER,none,-5.0,1.3,6.3,-3.92,0.602,1.03,30.14,0.01,0,322.0
SPK_002__tank_engine_heldout_rec__-5dB,TEST_B_UNSEEN_NOISE_REC,SPK_002,STATIONARY,tank_engine_heldout_rec,CONFIG_4_VSS_NLMS_ONLY,none,-5.0,1.95,6.95,1.2,0.734,1.02,4058.13,1.3527,0,323.4
SPK_002__tank_engine_heldout_rec__-5dB,TEST_B_UNSEEN_NOISE_REC,SPK_002,STATIONARY,tank_engine_heldout_rec,HYBRID_PROTECTED_TinyEnhancer_V3,TinyEnhancer_V3,-5.0,7.63,12.63,6.95,0.725,1.04,5856.14,1.952,9569,325.7
SPK_002__tank_engine_heldout_rec__-5dB,TEST_B_UNSEEN_NOISE_REC,SPK_002,STATIONARY,tank_engine_heldout_rec,HYBRID_VANILLA_TinyEnhancer_V3,TinyEnhancer_V3,-5.0,7.17,12.17,6.92,0.859,1.34,2660.05,0.8867,9569,324.4
SPK_002__tank_engine_heldout_rec__-5dB,TEST_B_UNSEEN_NOISE_REC,SPK_002,STATIONARY,tank_engine_heldout_rec,HYBRID_PROTECTED_DTLN,DTLN,-5.0,-0.03,4.97,-44.63,0.507,1.15,5597.16,1.8657,989315,326.2
SPK_002__tank_engine_heldout_rec__-5dB,TEST_B_UNSEEN_NOISE_REC,SPK_002,STATIONARY,tank_engine_heldout_rec,HYBRID_VANILLA_DTLN,DTLN,-5.0,-0.01,4.99,-41.34,0.572,1.02,2707.42,0.9025,989315,326.2
SPK_002__tank_engine_heldout_rec__-5dB,TEST_B_UNSEEN_NOISE_REC,SPK_002,STATIONARY,tank_engine_heldout_rec,HYBRID_PROTECTED_CRN_Micro,CRN_Micro,-5.0,5.66,10.66,4.94,0.852,1.04,5621.72,1.8739,986457,320.0
SPK_002__tank_engine_heldout_rec__-5dB,TEST_B_UNSEEN_NOISE_REC,SPK_002,STATIONARY,tank_engine_heldout_rec,HYBRID_VANILLA_CRN_Micro,CRN_Micro,-5.0,6.76,11.76,6.47,0.866,1.72,3467.05,1.1557,986457,322.8
SPK_001__gunfire_transient_insas__+5dB,TEST_C_UNSEEN_NOISE_CATEGORY,SPK_001,IMPULSIVE_DEFENCE,gunfire_transient_insas,CONFIG_0_NOISY,none,5.0,5.0,0.0,5.16,0.915,1.59,0.09,0.0,0,321.0
SPK_001__gunfire_transient_insas__+5dB,TEST_C_UNSEEN_NOISE_CATEGORY,SPK_001,IMPULSIVE_DEFENCE,gunfire_transient_insas,CONFIG_1_SPECTRAL_SUB,none,5.0,0.24,-4.76,-8.11,0.754,1.09,26.54,0.0088,0,322.9
SPK_001__gunfire_transient_insas__+5dB,TEST_C_UNSEEN_NOISE_CATEGORY,SPK_001,IMPULSIVE_DEFENCE,gunfire_transient_insas,CONFIG_2_WIENER,none,5.0,0.26,-4.74,-7.75,0.728,1.18,28.32,0.0094,0,323.5
SPK_001__gunfire_transient_insas__+5dB,TEST_C_UNSEEN_NOISE_CATEGORY,SPK_001,IMPULSIVE_DEFENCE,gunfire_transient_insas,CONFIG_4_VSS_NLMS_ONLY,none,5.0,11.96,6.96,11.95,0.919,1.61,4025.87,1.342,0,323.6
SPK_001__gunfire_transient_insas__+5dB,TEST_C_UNSEEN_NOISE_CATEGORY,SPK_001,IMPULSIVE_DEFENCE,gunfire_transient_insas,HYBRID_PROTECTED_TinyEnhancer_V3,TinyEnhancer_V3,5.0,13.27,8.27,13.11,0.902,1.32,5677.8,1.8926,9569,325.5
SPK_001__gunfire_transient_insas__+5dB,TEST_C_UNSEEN_NOISE_CATEGORY,SPK_001,IMPULSIVE_DEFENCE,gunfire_transient_insas,HYBRID_VANILLA_TinyEnhancer_V3,TinyEnhancer_V3,5.0,8.36,3.36,7.91,0.877,1.26,2512.87,0.8376,9569,325.5
SPK_001__gunfire_transient_insas__+5dB,TEST_C_UNSEEN_NOISE_CATEGORY,SPK_001,IMPULSIVE_DEFENCE,gunfire_transient_insas,HYBRID_PROTECTED_DTLN,DTLN,5.0,-0.03,-5.03,-39.72,0.599,1.02,5815.07,1.9384,989315,323.9
SPK_001__gunfire_transient_insas__+5dB,TEST_C_UNSEEN_NOISE_CATEGORY,SPK_001,IMPULSIVE_DEFENCE,gunfire_transient_insas,HYBRID_VANILLA_DTLN,DTLN,5.0,-0.04,-5.04,-41.57,0.573,1.03,2912.06,0.9707,989315,325.6
SPK_001__gunfire_transient_insas__+5dB,TEST_C_UNSEEN_NOISE_CATEGORY,SPK_001,IMPULSIVE_DEFENCE,gunfire_transient_insas,HYBRID_PROTECTED_CRN_Micro,CRN_Micro,5.0,12.15,7.15,11.88,0.843,1.32,5777.07,1.9257,986457,322.4
SPK_001__gunfire_transient_insas__+5dB,TEST_C_UNSEEN_NOISE_CATEGORY,SPK_001,IMPULSIVE_DEFENCE,gunfire_transient_insas,HYBRID_VANILLA_CRN_Micro,CRN_Micro,5.0,4.33,-0.67,4.01,0.798,1.11,2698.79,0.8996,986457,323.1
SPK_001__artillery_blast_dhanush__+10dB,TEST_C_UNSEEN_NOISE_CATEGORY,SPK_001,IMPULSIVE_DEFENCE,artillery_blast_dhanush,CONFIG_0_NOISY,none,10.0,10.0,0.0,10.09,0.917,2.67,0.08,0.0,0,323.8
SPK_001__artillery_blast_dhanush__+10dB,TEST_C_UNSEEN_NOISE_CATEGORY,SPK_001,IMPULSIVE_DEFENCE,artillery_blast_dhanush,CONFIG_1_SPECTRAL_SUB,none,10.0,1.29,-8.71,-4.48,0.758,1.17,30.99,0.0103,0,323.8
SPK_001__artillery_blast_dhanush__+10dB,TEST_C_UNSEEN_NOISE_CATEGORY,SPK_001,IMPULSIVE_DEFENCE,artillery_blast_dhanush,CONFIG_2_WIENER,none,10.0,1.33,-8.67,-4.4,0.732,1.33,35.83,0.0119,0,323.8
SPK_001__artillery_blast_dhanush__+10dB,TEST_C_UNSEEN_NOISE_CATEGORY,SPK_001,IMPULSIVE_DEFENCE,artillery_blast_dhanush,CONFIG_4_VSS_NLMS_ONLY,none,10.0,15.92,5.92,15.93,0.914,2.66,4208.58,1.4029,0,323.8
SPK_001__artillery_blast_dhanush__+10dB,TEST_C_UNSEEN_NOISE_CATEGORY,SPK_001,IMPULSIVE_DEFENCE,artillery_blast_dhanush,HYBRID_PROTECTED_TinyEnhancer_V3,TinyEnhancer_V3,10.0,17.49,7.49,17.42,0.91,2.18,5975.87,1.992,9569,325.4
SPK_001__artillery_blast_dhanush__+10dB,TEST_C_UNSEEN_NOISE_CATEGORY,SPK_001,IMPULSIVE_DEFENCE,artillery_blast_dhanush,HYBRID_VANILLA_TinyEnhancer_V3,TinyEnhancer_V3,10.0,18.03,8.03,17.96,0.913,2.23,2769.38,0.9231,9569,325.4
SPK_001__artillery_blast_dhanush__+10dB,TEST_C_UNSEEN_NOISE_CATEGORY,SPK_001,IMPULSIVE_DEFENCE,artillery_blast_dhanush,HYBRID_PROTECTED_DTLN,DTLN,10.0,-0.03,-10.03,-39.37,0.607,1.02,6827.03,2.2757,989315,310.9
SPK_001__artillery_blast_dhanush__+10dB,TEST_C_UNSEEN_NOISE_CATEGORY,SPK_001,IMPULSIVE_DEFENCE,artillery_blast_dhanush,HYBRID_VANILLA_DTLN,DTLN,10.0,-0.03,-10.03,-39.42,0.613,1.02,3136.71,1.0456,989315,312.3
SPK_001__artillery_blast_dhanush__+10dB,TEST_C_UNSEEN_NOISE_CATEGORY,SPK_001,IMPULSIVE_DEFENCE,artillery_blast_dhanush,HYBRID_PROTECTED_CRN_Micro,CRN_Micro,10.0,13.9,3.9,13.74,0.852,1.91,6089.62,2.0299,986457,320.7
SPK_001__artillery_blast_dhanush__+10dB,TEST_C_UNSEEN_NOISE_CATEGORY,SPK_001,IMPULSIVE_DEFENCE,artillery_blast_dhanush,HYBRID_VANILLA_CRN_Micro,CRN_Micro,10.0,14.15,4.15,14.0,0.86,2.06,2553.35,0.8511,986457,323.4
SPK_002__gunfire_transient_insas__-10dB,TEST_C_UNSEEN_NOISE_CATEGORY,SPK_002,IMPULSIVE_DEFENCE,gunfire_transient_insas,CONFIG_0_NOISY,none,-10.0,-5.23,4.77,-5.23,0.802,1.4,0.07,0.0,0,323.7
SPK_002__gunfire_transient_insas__-10dB,TEST_C_UNSEEN_NOISE_CATEGORY,SPK_002,IMPULSIVE_DEFENCE,gunfire_transient_insas,CONFIG_1_SPECTRAL_SUB,none,-10.0,-5.95,4.05,-18.03,0.582,1.05,29.84,0.0099,0,321.3
SPK_002__gunfire_transient_insas__-10dB,TEST_C_UNSEEN_NOISE_CATEGORY,SPK_002,IMPULSIVE_DEFENCE,gunfire_transient_insas,CONFIG_2_WIENER,none,-10.0,-5.94,4.06,-17.45,0.565,1.06,30.75,0.0103,0,323.4
SPK_002__gunfire_transient_insas__-10dB,TEST_C_UNSEEN_NOISE_CATEGORY,SPK_002,IMPULSIVE_DEFENCE,gunfire_transient_insas,CONFIG_4_VSS_NLMS_ONLY,none,-10.0,7.38,17.38,7.16,0.825,1.56,4170.15,1.39,0,323.8
SPK_002__gunfire_transient_insas__-10dB,TEST_C_UNSEEN_NOISE_CATEGORY,SPK_002,IMPULSIVE_DEFENCE,gunfire_transient_insas,HYBRID_PROTECTED_TinyEnhancer_V3,TinyEnhancer_V3,-10.0,8.79,18.79,8.48,0.843,1.29,5329.66,1.7766,9569,324.0
SPK_002__gunfire_transient_insas__-10dB,TEST_C_UNSEEN_NOISE_CATEGORY,SPK_002,IMPULSIVE_DEFENCE,gunfire_transient_insas,HYBRID_VANILLA_TinyEnhancer_V3,TinyEnhancer_V3,-10.0,6.81,16.81,5.82,0.813,1.21,2635.94,0.8786,9569,326.1
SPK_002__gunfire_transient_insas__-10dB,TEST_C_UNSEEN_NOISE_CATEGORY,SPK_002,IMPULSIVE_DEFENCE,gunfire_transient_insas,HYBRID_PROTECTED_DTLN,DTLN,-10.0,-0.02,9.98,-45.18,0.545,1.02,7523.74,2.5079,989315,311.2
SPK_002__gunfire_transient_insas__-10dB,TEST_C_UNSEEN_NOISE_CATEGORY,SPK_002,IMPULSIVE_DEFENCE,gunfire_transient_insas,HYBRID_VANILLA_DTLN,DTLN,-10.0,-0.02,9.98,-42.98,0.53,1.02,3712.01,1.2373,989315,311.5
SPK_002__gunfire_transient_insas__-10dB,TEST_C_UNSEEN_NOISE_CATEGORY,SPK_002,IMPULSIVE_DEFENCE,gunfire_transient_insas,HYBRID_PROTECTED_CRN_Micro,CRN_Micro,-10.0,8.24,18.24,7.72,0.781,1.18,7883.72,2.6279,986457,321.6
SPK_002__gunfire_transient_insas__-10dB,TEST_C_UNSEEN_NOISE_CATEGORY,SPK_002,IMPULSIVE_DEFENCE,gunfire_transient_insas,HYBRID_VANILLA_CRN_Micro,CRN_Micro,-10.0,5.25,15.25,4.51,0.74,1.11,4454.8,1.4849,986457,323.7
SPK_001__tank_engine_t90__+5dB,TRAIN,SPK_001,STATIONARY,tank_engine_t90,CONFIG_0_NOISY,none,5.0,5.0,0.0,5.08,0.872,1.03,0.1,0.0,0,324.1
SPK_001__tank_engine_t90__+5dB,TRAIN,SPK_001,STATIONARY,tank_engine_t90,CONFIG_1_SPECTRAL_SUB,none,5.0,1.69,-3.31,-0.12,0.744,1.06,40.88,0.0136,0,321.6
SPK_001__tank_engine_t90__+5dB,TRAIN,SPK_001,STATIONARY,tank_engine_t90,CONFIG_2_WIENER,none,5.0,1.73,-3.27,-1.27,0.737,1.06,49.09,0.0164,0,323.7
SPK_001__tank_engine_t90__+5dB,TRAIN,SPK_001,STATIONARY,tank_engine_t90,CONFIG_4_VSS_NLMS_ONLY,none,5.0,9.59,4.59,9.66,0.896,1.04,6028.62,2.0095,0,324.1
SPK_001__tank_engine_t90__+5dB,TRAIN,SPK_001,STATIONARY,tank_engine_t90,HYBRID_PROTECTED_TinyEnhancer_V3,TinyEnhancer_V3,5.0,14.52,9.52,14.4,0.901,1.18,6740.71,2.2469,9569,324.0
SPK_001__tank_engine_t90__+5dB,TRAIN,SPK_001,STATIONARY,tank_engine_t90,HYBRID_VANILLA_TinyEnhancer_V3,TinyEnhancer_V3,5.0,8.46,3.46,7.82,0.851,1.44,2784.8,0.9283,9569,326.1
SPK_001__tank_engine_t90__+5dB,TRAIN,SPK_001,STATIONARY,tank_engine_t90,HYBRID_PROTECTED_DTLN,DTLN,5.0,-0.03,-5.03,-42.21,0.613,1.02,7252.35,2.4174,989315,310.0
SPK_001__tank_engine_t90__+5dB,TRAIN,SPK_001,STATIONARY,tank_engine_t90,HYBRID_VANILLA_DTLN,DTLN,5.0,-0.03,-5.03,-51.99,0.617,1.02,3301.99,1.1007,989315,312.8
SPK_001__tank_engine_t90__+5dB,TRAIN,SPK_001,STATIONARY,tank_engine_t90,HYBRID_PROTECTED_CRN_Micro,CRN_Micro,5.0,15.91,10.91,15.82,0.937,2.21,6239.98,2.08,986457,322.5
SPK_001__tank_engine_t90__+5dB,TRAIN,SPK_001,STATIONARY,tank_engine_t90,HYBRID_VANILLA_CRN_Micro,CRN_Micro,5.0,8.24,3.24,7.54,0.838,2.01,3150.87,1.0503,986457,323.9
SPK_001__diesel_idle_apc__+10dB,TRAIN,SPK_001,STATIONARY,diesel_idle_apc,CONFIG_0_NOISY,none,10.0,10.0,0.0,10.05,0.911,1.06,0.08,0.0,0,321.7
SPK_001__diesel_idle_apc__+10dB,TRAIN,SPK_001,STATIONARY,diesel_idle_apc,CONFIG_1_SPECTRAL_SUB,none,10.0,1.77,-8.23,0.02,0.776,1.11,42.43,0.0141,0,323.1
SPK_001__diesel_idle_apc__+10dB,TRAIN,SPK_001,STATIONARY,diesel_idle_apc,CONFIG_2_WIENER,none,10.0,1.82,-8.18,-1.12,0.773,1.1,36.41,0.0121,0,323.1
SPK_001__diesel_idle_apc__+10dB,TRAIN,SPK_001,STATIONARY,diesel_idle_apc,CONFIG_4_VSS_NLMS_ONLY,none,10.0,14.77,4.77,14.8,0.939,1.09,4599.17,1.5331,0,323.1
SPK_001__diesel_idle_apc__+10dB,TRAIN,SPK_001,STATIONARY,diesel_idle_apc,HYBRID_PROTECTED_TinyEnhancer_V3,TinyEnhancer_V3,10.0,17.88,7.88,17.81,0.942,1.6,5746.07,1.9154,9569,325.5
SPK_001__diesel_idle_apc__+10dB,TRAIN,SPK_001,STATIONARY,diesel_idle_apc,HYBRID_VANILLA_TinyEnhancer_V3,TinyEnhancer_V3,10.0,8.45,-1.55,7.81,0.845,1.45,2629.74,0.8766,9569,326.1
SPK_001__diesel_idle_apc__+10dB,TRAIN,SPK_001,STATIONARY,diesel_idle_apc,HYBRID_PROTECTED_DTLN,DTLN,10.0,-0.03,-10.03,-40.88,0.619,1.02,6766.23,2.2554,989315,311.0
SPK_001__diesel_idle_apc__+10dB,TRAIN,SPK_001,STATIONARY,diesel_idle_apc,HYBRID_VANILLA_DTLN,DTLN,10.0,-0.03,-10.03,-51.82,0.617,1.02,2912.82,0.9709,989315,310.9
SPK_001__diesel_idle_apc__+10dB,TRAIN,SPK_001,STATIONARY,diesel_idle_apc,HYBRID_PROTECTED_CRN_Micro,CRN_Micro,10.0,16.26,6.26,16.24,0.938,3.03,5724.86,1.9083,986457,323.8
SPK_001__diesel_idle_apc__+10dB,TRAIN,SPK_001,STATIONARY,diesel_idle_apc,HYBRID_VANILLA_CRN_Micro,CRN_Micro,10.0,8.24,-1.76,7.55,0.834,2.02,2943.4,0.9811,986457,323.8
SPK_001__generator_hum_50hz__+15dB,TRAIN,SPK_001,STATIONARY,generator_hum_50hz,CONFIG_0_NOISY,none,15.0,15.0,0.0,15.03,0.943,1.19,0.08,0.0,0,321.5
SPK_001__generator_hum_50hz__+15dB,TRAIN,SPK_001,STATIONARY,generator_hum_50hz,CONFIG_1_SPECTRAL_SUB,none,15.0,1.82,-13.18,0.01,0.8,1.15,26.13,0.0087,0,322.9
SPK_001__generator_hum_50hz__+15dB,TRAIN,SPK_001,STATIONARY,generator_hum_50hz,CONFIG_2_WIENER,none,15.0,1.87,-13.13,-1.06,0.794,1.14,36.52,0.0122,0,323.6
SPK_001__generator_hum_50hz__+15dB,TRAIN,SPK_001,STATIONARY,generator_hum_50hz,CONFIG_4_VSS_NLMS_ONLY,none,15.0,19.72,4.72,19.74,0.963,1.26,4252.87,1.4176,0,323.6
SPK_001__generator_hum_50hz__+15dB,TRAIN,SPK_001,STATIONARY,generator_hum_50hz,HYBRID_PROTECTED_TinyEnhancer_V3,TinyEnhancer_V3,15.0,19.84,4.84,19.8,0.958,1.83,5654.83,1.8849,9569,325.9
SPK_001__generator_hum_50hz__+15dB,TRAIN,SPK_001,STATIONARY,generator_hum_50hz,HYBRID_VANILLA_TinyEnhancer_V3,TinyEnhancer_V3,15.0,8.44,-6.56,7.79,0.844,1.45,2689.47,0.8965,9569,323.2
SPK_001__generator_hum_50hz__+15dB,TRAIN,SPK_001,STATIONARY,generator_hum_50hz,HYBRID_PROTECTED_DTLN,DTLN,15.0,-0.03,-15.03,-40.23,0.619,1.02,6076.96,2.0257,989315,310.1
SPK_001__generator_hum_50hz__+15dB,TRAIN,SPK_001,STATIONARY,generator_hum_50hz,HYBRID_VANILLA_DTLN,DTLN,15.0,-0.03,-15.03,-51.71,0.617,1.02,2768.95,0.923,989315,310.8
SPK_001__generator_hum_50hz__+15dB,TRAIN,SPK_001,STATIONARY,generator_hum_50hz,HYBRID_PROTECTED_CRN_Micro,CRN_Micro,15.0,15.55,0.55,15.5,0.932,3.12,6491.15,2.1637,986457,323.7
SPK_001__generator_hum_50hz__+15dB,TRAIN,SPK_001,STATIONARY,generator_hum_50hz,HYBRID_VANILLA_CRN_Micro,CRN_Micro,15.0,8.24,-6.76,7.55,0.833,2.03,3422.63,1.1409,986457,323.7
