run_id,mu_max,filter_length,delay_samples,delta_snr_db,delta_sisdr_db,stoi,speech_distortion_db,convergence_time_ms,residual_noise_power,max_coefficient,is_stable,compute_time_ms,is_pareto
1,0.01,32,0,2.594,2.676,0.7649,-3.4,0.0,0.001,0.1202,True,1111.88,False
2,0.01,32,1,2.082,2.146,0.7538,-2.88,0.0,0.001196,0.1097,True,1123.66,False
3,0.01,32,2,1.709,1.755,0.7456,-2.51,0.0,0.001355,0.0964,True,1147.35,False
4,0.01,32,4,1.274,1.283,0.7351,-2.08,0.0,0.001553,0.0712,True,1141.82,False
5,0.01,32,8,0.929,0.897,0.7401,-1.73,0.0,0.001712,0.0523,True,1158.34,False
6,0.01,32,16,0.583,0.54,0.7429,-1.39,0.0,0.001865,0.0473,True,1139.33,False
7,0.01,64,0,2.088,2.133,0.7595,-2.89,0.0,0.00119,0.0711,True,1109.38,False
8,0.01,64,1,1.763,1.797,0.752,-2.57,0.0,0.001325,0.0659,True,967.22,False
9,0.01,64,2,1.51,1.533,0.7463,-2.31,0.0,0.001435,0.0595,True,874.12,False
10,0.01,64,4,1.182,1.183,0.7389,-1.98,0.0,0.001577,0.0466,True,829.81,False
11,0.01,64,8,0.893,0.872,0.7432,-1.7,0.0,0.00169,0.0325,True,720.54,False
12,0.01,64,16,0.751,0.744,0.7447,-1.55,0.0,0.001725,0.0255,True,646.49,False
13,0.01,128,0,2.116,2.143,0.7516,-2.92,0.0,0.001166,0.0406,True,819.44,False
14,0.01,128,1,1.938,1.96,0.7474,-2.74,0.0,0.001234,0.0379,True,1074.15,False
15,0.01,128,2,1.8,1.817,0.7441,-2.6,0.0,0.001285,0.0346,True,878.71,False
16,0.01,128,4,1.629,1.634,0.739,-2.43,0.0,0.001344,0.0264,True,635.72,False
17,0.01,128,8,1.53,1.523,0.7393,-2.33,0.0,0.001361,0.0137,True,714.38,False
18,0.01,128,16,1.557,1.551,0.7387,-2.36,0.0,0.001334,0.0127,True,850.81,False
19,0.01,256,0,2.061,2.1,0.7473,-2.86,0.0,0.001193,0.0284,True,952.41,False
20,0.01,256,1,1.922,1.956,0.7443,-2.73,0.0,0.001236,0.0273,True,1123.44,False
21,0.01,256,2,1.808,1.836,0.7421,-2.61,0.0,0.001269,0.0257,True,908.58,False
22,0.01,256,4,1.653,1.666,0.7387,-2.46,0.0,0.001309,0.02,True,920.33,False
23,0.01,256,8,1.546,1.54,0.7401,-2.35,0.0,0.00132,0.0086,True,939.0,False
24,0.01,256,16,1.59,1.58,0.7411,-2.39,0.0,0.001296,0.0093,True,897.86,False
25,0.03,32,0,3.203,3.319,0.7719,-4.01,0.0,0.000939,0.1397,True,996.96,False
26,0.03,32,1,2.526,2.621,0.7588,-3.33,0.0,0.001145,0.1305,True,1101.04,False
27,0.03,32,2,2.032,2.106,0.7488,-2.84,0.0,0.001314,0.1179,True,1086.59,False
28,0.03,32,4,1.437,1.461,0.7345,-2.24,0.0,0.001533,0.0894,True,921.02,False
29,0.03,32,8,0.964,0.928,0.7392,-1.77,0.0,0.00171,0.056,True,780.95,False
30,0.03,32,16,0.618,0.566,0.7417,-1.42,0.0,0.00186,0.0547,True,806.28,False
31,0.03,64,0,2.765,2.847,0.7675,-3.57,0.0,0.001096,0.0939,True,884.59,False
32,0.03,64,1,2.275,2.342,0.7573,-3.08,0.0,0.001248,0.0899,True,941.94,False
33,0.03,64,2,1.892,1.944,0.7495,-2.69,0.0,0.001375,0.0843,True,833.08,False
34,0.03,64,4,1.382,1.397,0.7377,-2.18,0.0,0.001548,0.0671,True,1025.97,False
35,0.03,64,8,0.94,0.914,0.7423,-1.74,0.0,0.001686,0.0368,True,1128.65,False
36,0.03,64,16,0.793,0.774,0.7437,-1.6,0.0,0.001719,0.0343,True,1005.48,False
37,0.03,128,0,2.846,2.915,0.7607,-3.65,0.0,0.001064,0.066,True,773.36,False
38,0.03,128,1,2.498,2.556,0.7537,-3.3,0.0,0.001153,0.0645,True,998.69,False
39,0.03,128,2,2.219,2.267,0.7481,-3.02,0.0,0.001227,0.0618,True,918.74,False
40,0.03,128,4,1.849,1.869,0.7382,-2.65,0.0,0.00132,0.0487,True,1094.37,False
41,0.03,128,8,1.589,1.576,0.7386,-2.39,0.0,0.001358,0.0186,True,1159.04,False
42,0.03,128,16,1.59,1.571,0.7379,-2.39,0.0,0.001333,0.0227,True,1061.73,False
43,0.03,256,0,2.804,2.883,0.7569,-3.61,0.0,0.001082,0.0551,True,995.14,False
44,0.03,256,1,2.494,2.562,0.7511,-3.3,0.0,0.001151,0.0551,True,987.03,False
45,0.03,256,2,2.236,2.293,0.7464,-3.04,0.0,0.001209,0.054,True,1057.04,False
46,0.03,256,4,1.878,1.904,0.7381,-2.68,0.0,0.001285,0.0432,True,1155.04,False
47,0.03,256,8,1.608,1.596,0.7397,-2.41,0.0,0.001316,0.0137,True,1102.86,False
48,0.03,256,16,1.626,1.604,0.7404,-2.43,0.0,0.001295,0.02,True,904.53,False
49,0.05,32,0,3.708,3.852,0.7779,-4.51,0.0,0.000889,0.1577,True,818.88,True
50,0.05,32,1,2.879,2.998,0.763,-3.68,0.0,0.001102,0.1496,True,715.63,False
51,0.05,32,2,2.28,2.375,0.7516,-3.08,0.0,0.00128,0.138,True,1081.13,False
52,0.05,32,4,1.56,1.595,0.7342,-2.36,0.0,0.001517,0.1064,True,1104.53,False
53,0.05,32,8,0.997,0.958,0.7384,-1.8,0.0,0.001708,0.0598,True,1115.99,False
54,0.05,32,16,0.645,0.584,0.7406,-1.45,0.0,0.001857,0.0619,True,958.85,False
55,0.05,64,0,3.325,3.438,0.7744,-4.13,0.0,0.001021,0.1147,True,904.64,False
56,0.05,64,1,2.679,2.773,0.7619,-3.48,0.0,0.001186,0.1119,True,804.16,False
57,0.05,64,2,2.18,2.255,0.7523,-2.98,0.0,0.001327,0.107,True,815.12,False
58,0.05,64,4,1.529,1.554,0.7369,-2.33,0.0,0.001525,0.0861,True,816.52,False
59,0.05,64,8,0.983,0.951,0.7414,-1.79,0.0,0.001682,0.0411,True,1002.87,False
60,0.05,64,16,0.825,0.796,0.7427,-1.63,0.0,0.001714,0.0427,True,859.7,False
61,0.05,128,0,3.447,3.549,0.7687,-4.25,0.0,0.000983,0.089,True,829.13,False
62,0.05,128,1,2.935,3.022,0.7593,-3.74,0.0,0.001091,0.0885,True,738.32,False
63,0.05,128,2,2.532,2.603,0.7517,-3.33,0.0,0.001182,0.0864,True,772.94,False
64,0.05,128,4,2.008,2.039,0.7378,-2.81,0.0,0.001301,0.069,True,640.11,False
65,0.05,128,8,1.643,1.624,0.738,-2.45,0.0,0.001354,0.0232,True,820.63,False
66,0.05,128,16,1.614,1.583,0.737,-2.42,0.0,0.001333,0.0321,True,658.63,False
67,0.05,256,0,3.416,3.527,0.7655,-4.22,0.0,0.000997,0.0792,True,936.54,False
68,0.05,256,1,2.939,3.035,0.757,-3.74,0.0,0.001086,0.0802,True,698.64,False
69,0.05,256,2,2.553,2.633,0.7503,-3.36,0.0,0.001164,0.0796,True,632.01,False
70,0.05,256,4,2.038,2.076,0.7378,-2.84,0.0,0.001268,0.0643,True,636.55,False
71,0.05,256,8,1.664,1.646,0.7391,-2.47,0.0,0.001313,0.0187,True,653.91,False
72,0.05,256,16,1.652,1.619,0.7395,-2.46,0.0,0.001294,0.03,True,640.38,False
73,0.1,32,0,3.708,3.852,0.7779,-4.51,0.0,0.000889,0.1577,True,590.95,True
74,0.1,32,1,2.879,2.998,0.763,-3.68,0.0,0.001102,0.1496,True,592.59,False
75,0.1,32,2,2.28,2.375,0.7516,-3.08,0.0,0.00128,0.138,True,659.31,False
76,0.1,32,4,1.56,1.595,0.7342,-2.36,0.0,0.001517,0.1064,True,705.3,False
77,0.1,32,8,0.997,0.958,0.7384,-1.8,0.0,0.001708,0.0598,True,634.6,False
78,0.1,32,16,0.645,0.584,0.7406,-1.45,0.0,0.001857,0.0619,True,586.12,False
79,0.1,64,0,3.325,3.438,0.7744,-4.13,0.0,0.001021,0.1147,True,592.99,False
80,0.1,64,1,2.679,2.773,0.7619,-3.48,0.0,0.001186,0.1119,True,595.7,False
81,0.1,64,2,2.18,2.255,0.7523,-2.98,0.0,0.001327,0.107,True,620.47,False
82,0.1,64,4,1.529,1.554,0.7369,-2.33,0.0,0.001525,0.0861,True,713.84,False
83,0.1,64,8,0.983,0.951,0.7414,-1.79,0.0,0.001682,0.0411,True,825.04,False
84,0.1,64,16,0.825,0.796,0.7427,-1.63,0.0,0.001714,0.0427,True,613.38,False
85,0.1,128,0,3.447,3.549,0.7687,-4.25,0.0,0.000983,0.089,True,605.99,False
86,0.1,128,1,2.935,3.022,0.7593,-3.74,0.0,0.001091,0.0885,True,609.91,False
87,0.1,128,2,2.532,2.603,0.7517,-3.33,0.0,0.001182,0.0864,True,749.69,False
88,0.1,128,4,2.008,2.039,0.7378,-2.81,0.0,0.001301,0.069,True,634.2,False
89,0.1,128,8,1.643,1.624,0.738,-2.45,0.0,0.001354,0.0232,True,641.36,False
90,0.1,128,16,1.614,1.583,0.737,-2.42,0.0,0.001333,0.0321,True,600.86,False
91,0.1,256,0,3.416,3.527,0.7655,-4.22,0.0,0.000997,0.0792,True,644.15,False
92,0.1,256,1,2.939,3.035,0.757,-3.74,0.0,0.001086,0.0802,True,745.26,False
93,0.1,256,2,2.553,2.633,0.7503,-3.36,0.0,0.001164,0.0796,True,666.17,False
94,0.1,256,4,2.038,2.076,0.7378,-2.84,0.0,0.001268,0.0643,True,621.72,False
95,0.1,256,8,1.664,1.646,0.7391,-2.47,0.0,0.001313,0.0187,True,623.26,False
96,0.1,256,16,1.652,1.619,0.7395,-2.46,0.0,0.001294,0.03,True,622.75,False
97,0.2,32,0,3.708,3.852,0.7779,-4.51,0.0,0.000889,0.1577,True,584.42,True
98,0.2,32,1,2.879,2.998,0.763,-3.68,0.0,0.001102,0.1496,True,615.66,False
99,0.2,32,2,2.28,2.375,0.7516,-3.08,0.0,0.00128,0.138,True,591.13,False
100,0.2,32,4,1.56,1.595,0.7342,-2.36,0.0,0.001517,0.1064,True,675.65,False
101,0.2,32,8,0.997,0.958,0.7384,-1.8,0.0,0.001708,0.0598,True,661.96,False
102,0.2,32,16,0.645,0.584,0.7406,-1.45,0.0,0.001857,0.0619,True,661.62,False
103,0.2,64,0,3.325,3.438,0.7744,-4.13,0.0,0.001021,0.1147,True,596.37,False
104,0.2,64,1,2.679,2.773,0.7619,-3.48,0.0,0.001186,0.1119,True,597.97,False
105,0.2,64,2,2.18,2.255,0.7523,-2.98,0.0,0.001327,0.107,True,599.61,False
106,0.2,64,4,1.529,1.554,0.7369,-2.33,0.0,0.001525,0.0861,True,597.33,False
107,0.2,64,8,0.983,0.951,0.7414,-1.79,0.0,0.001682,0.0411,True,600.44,False
108,0.2,64,16,0.825,0.796,0.7427,-1.63,0.0,0.001714,0.0427,True,740.92,False
109,0.2,128,0,3.447,3.549,0.7687,-4.25,0.0,0.000983,0.089,True,637.9,False
110,0.2,128,1,2.935,3.022,0.7593,-3.74,0.0,0.001091,0.0885,True,595.61,False
111,0.2,128,2,2.532,2.603,0.7517,-3.33,0.0,0.001182,0.0864,True,603.82,False
112,0.2,128,4,2.008,2.039,0.7378,-2.81,0.0,0.001301,0.069,True,591.31,False
113,0.2,128,8,1.643,1.624,0.738,-2.45,0.0,0.001354,0.0232,True,605.83,False
114,0.2,128,16,1.614,1.583,0.737,-2.42,0.0,0.001333,0.0321,True,619.03,False
115,0.2,256,0,3.416,3.527,0.7655,-4.22,0.0,0.000997,0.0792,True,855.15,False
116,0.2,256,1,2.939,3.035,0.757,-3.74,0.0,0.001086,0.0802,True,648.68,False
117,0.2,256,2,2.553,2.633,0.7503,-3.36,0.0,0.001164,0.0796,True,639.04,False
118,0.2,256,4,2.038,2.076,0.7378,-2.84,0.0,0.001268,0.0643,True,627.21,False
119,0.2,256,8,1.664,1.646,0.7391,-2.47,0.0,0.001313,0.0187,True,631.03,False
120,0.2,256,16,1.652,1.619,0.7395,-2.46,0.0,0.001294,0.03,True,658.63,False
