sample_id,split,speaker_id,noise_id,noise_category,provenance,target_snr_db,actual_snr_db,speech_leakage_ratio,delay_samples,gain_mismatch_db,duration_sec,primary_rms,reference_rms,primary_path,reference_path,clean_path,sha256_hash,seed,impulse_positions_samples,noise_class_index
SPK_001__drone_uav_multicopter__-5dB,TEST_B_UNSEEN_NOISE_REC,SPK_001,drone_uav_multicopter,NON_STATIONARY,PROCEDURAL / SYNTHETIC DEFENCE-NOISE,-5.0,-2.97,0.15,2,-1.0,3.0,0.142663,0.112228,mixed/TEST_B_EXTENSION/SPK_001__drone_uav_multicopter__-5dB__primary.wav,mixed/TEST_B_EXTENSION/SPK_001__drone_uav_multicopter__-5dB__reference.wav,clean/SPK_001_clean.wav,4b6ef90923245d64835c72e196d66fa15301e6b261b145c5eca422e9b13847ec,376980,,1
SPK_001__drone_uav_multicopter__+0dB,TEST_B_UNSEEN_NOISE_REC,SPK_001,drone_uav_multicopter,NON_STATIONARY,PROCEDURAL / SYNTHETIC DEFENCE-NOISE,0.0,0.00,0.15,0,0.0,3.0,0.126233,0.063745,mixed/TEST_B_EXTENSION/SPK_001__drone_uav_multicopter__+0dB__primary.wav,mixed/TEST_B_EXTENSION/SPK_001__drone_uav_multicopter__+0dB__reference.wav,clean/SPK_001_clean.wav,ce6e17d881cf243f022e61977b80644e55470c80c1a0455b6878c7956ba709b8,650896,,1
SPK_001__drone_uav_multicopter__+5dB,TEST_B_UNSEEN_NOISE_REC,SPK_001,drone_uav_multicopter,NON_STATIONARY,PROCEDURAL / SYNTHETIC DEFENCE-NOISE,5.0,5.81,0.15,0,-1.0,3.0,0.091673,0.037832,mixed/TEST_B_EXTENSION/SPK_001__drone_uav_multicopter__+5dB__primary.wav,mixed/TEST_B_EXTENSION/SPK_001__drone_uav_multicopter__+5dB__reference.wav,clean/SPK_001_clean.wav,8ec7ea17d0f3cc049eafacbc53f129f5a216498d314d96bcb82fb93c641aff53,23149,,1
SPK_001__drone_uav_multicopter__+10dB,TEST_B_UNSEEN_NOISE_REC,SPK_001,drone_uav_multicopter,NON_STATIONARY,PROCEDURAL / SYNTHETIC DEFENCE-NOISE,10.0,10.00,0.15,0,0.0,3.0,0.093873,0.023799,mixed/TEST_B_EXTENSION/SPK_001__drone_uav_multicopter__+10dB__primary.wav,mixed/TEST_B_EXTENSION/SPK_001__drone_uav_multicopter__+10dB__reference.wav,clean/SPK_001_clean.wav,afa781e742248ccd14ea1ba1c5421d98cf0ef85cf58fffaa74862b4f437fe3b8,798369,,1
SPK_002__drone_uav_multicopter__-5dB,TEST_B_UNSEEN_NOISE_REC,SPK_002,drone_uav_multicopter,NON_STATIONARY,PROCEDURAL / SYNTHETIC DEFENCE-NOISE,-5.0,-4.54,0.15,0,0.0,3.0,0.192059,0.124618,mixed/TEST_B_EXTENSION/SPK_002__drone_uav_multicopter__-5dB__primary.wav,mixed/TEST_B_EXTENSION/SPK_002__drone_uav_multicopter__-5dB__reference.wav,clean/SPK_002_clean.wav,66116cd3b931be6ef677042b17036594716e9987bcbfc7e31a4e668365f1ab78,723735,,1
SPK_002__drone_uav_multicopter__+0dB,TEST_B_UNSEEN_NOISE_REC,SPK_002,drone_uav_multicopter,NON_STATIONARY,PROCEDURAL / SYNTHETIC DEFENCE-NOISE,0.0,-0.00,0.15,2,0.0,3.0,0.140432,0.071184,mixed/TEST_B_EXTENSION/SPK_002__drone_uav_multicopter__+0dB__primary.wav,mixed/TEST_B_EXTENSION/SPK_002__drone_uav_multicopter__+0dB__reference.wav,clean/SPK_002_clean.wav,66e2df180c842b55434161240a595ad3124b249c5ecd25a63e60933f6a5bf0dc,482359,,1
SPK_002__drone_uav_multicopter__+5dB,TEST_B_UNSEEN_NOISE_REC,SPK_002,drone_uav_multicopter,NON_STATIONARY,PROCEDURAL / SYNTHETIC DEFENCE-NOISE,5.0,5.00,0.15,0,0.0,3.0,0.113766,0.041898,mixed/TEST_B_EXTENSION/SPK_002__drone_uav_multicopter__+5dB__primary.wav,mixed/TEST_B_EXTENSION/SPK_002__drone_uav_multicopter__+5dB__reference.wav,clean/SPK_002_clean.wav,c73d199653fe468e3f0a08d046de4177679f703023443667f205a6f37dcf0658,76760,,1
SPK_002__drone_uav_multicopter__+10dB,TEST_B_UNSEEN_NOISE_REC,SPK_002,drone_uav_multicopter,NON_STATIONARY,PROCEDURAL / SYNTHETIC DEFENCE-NOISE,10.0,10.39,0.15,2,-1.0,3.0,0.092850,0.026037,mixed/TEST_B_EXTENSION/SPK_002__drone_uav_multicopter__+10dB__primary.wav,mixed/TEST_B_EXTENSION/SPK_002__drone_uav_multicopter__+10dB__reference.wav,clean/SPK_002_clean.wav,3faad9c265d98a2e914a4798b4b21fba1a973b99b19faa0ed4f717778b55fdcc,698523,,1
SPK_003__drone_uav_multicopter__-5dB,TEST_B_UNSEEN_NOISE_REC,SPK_003,drone_uav_multicopter,NON_STATIONARY,PROCEDURAL / SYNTHETIC DEFENCE-NOISE,-5.0,-4.75,0.15,0,0.0,3.0,0.208186,0.131466,mixed/TEST_B_EXTENSION/SPK_003__drone_uav_multicopter__-5dB__primary.wav,mixed/TEST_B_EXTENSION/SPK_003__drone_uav_multicopter__-5dB__reference.wav,clean/SPK_003_clean.wav,eba3286a2d11bfdc73c36f4d007196ba5bd97d3b612055c10c9170e02e3a2dc0,238778,,1
SPK_003__drone_uav_multicopter__+0dB,TEST_B_UNSEEN_NOISE_REC,SPK_003,drone_uav_multicopter,NON_STATIONARY,PROCEDURAL / SYNTHETIC DEFENCE-NOISE,0.0,0.04,0.15,2,0.0,3.0,0.147916,0.075283,mixed/TEST_B_EXTENSION/SPK_003__drone_uav_multicopter__+0dB__primary.wav,mixed/TEST_B_EXTENSION/SPK_003__drone_uav_multicopter__+0dB__reference.wav,clean/SPK_003_clean.wav,64c58b5b6e3c633c28b9ecd0520f71c3df5e19107626e6cb12f5ba35244e7908,923947,,1
SPK_003__drone_uav_multicopter__+5dB,TEST_B_UNSEEN_NOISE_REC,SPK_003,drone_uav_multicopter,NON_STATIONARY,PROCEDURAL / SYNTHETIC DEFENCE-NOISE,5.0,5.00,0.15,2,0.0,3.0,0.120556,0.044398,mixed/TEST_B_EXTENSION/SPK_003__drone_uav_multicopter__+5dB__primary.wav,mixed/TEST_B_EXTENSION/SPK_003__drone_uav_multicopter__+5dB__reference.wav,clean/SPK_003_clean.wav,518711f171b0d6ba1101219a5e9de1d753972cd883af4383e55ea931edefdd46,376557,,1
SPK_003__drone_uav_multicopter__+10dB,TEST_B_UNSEEN_NOISE_REC,SPK_003,drone_uav_multicopter,NON_STATIONARY,PROCEDURAL / SYNTHETIC DEFENCE-NOISE,10.0,10.00,0.15,1,0.0,3.0,0.109982,0.028249,mixed/TEST_B_EXTENSION/SPK_003__drone_uav_multicopter__+10dB__primary.wav,mixed/TEST_B_EXTENSION/SPK_003__drone_uav_multicopter__+10dB__reference.wav,clean/SPK_003_clean.wav,ad4f70168eec038028e89ee02acac8d863c93f2919d7b9990231ee2272ae938d,660887,,1
SPK_004__drone_uav_multicopter__-5dB,TEST_B_UNSEEN_NOISE_REC,SPK_004,drone_uav_multicopter,NON_STATIONARY,PROCEDURAL / SYNTHETIC DEFENCE-NOISE,-5.0,-3.69,0.15,2,-1.0,3.0,0.188247,0.135217,mixed/TEST_B_EXTENSION/SPK_004__drone_uav_multicopter__-5dB__primary.wav,mixed/TEST_B_EXTENSION/SPK_004__drone_uav_multicopter__-5dB__reference.wav,clean/SPK_004_clean.wav,b59b85be100624e9245b30a9c29375304b601f24c324f1f318e270468fe58932,8362,,1
SPK_004__drone_uav_multicopter__+0dB,TEST_B_UNSEEN_NOISE_REC,SPK_004,drone_uav_multicopter,NON_STATIONARY,PROCEDURAL / SYNTHETIC DEFENCE-NOISE,0.0,0.29,0.15,0,0.0,3.0,0.147153,0.077375,mixed/TEST_B_EXTENSION/SPK_004__drone_uav_multicopter__+0dB__primary.wav,mixed/TEST_B_EXTENSION/SPK_004__drone_uav_multicopter__+0dB__reference.wav,clean/SPK_004_clean.wav,d86c15f8b6edae80571fb6237158dc0a3d9b4e70408399d46b43aa978d9d1810,454161,,1
SPK_004__drone_uav_multicopter__+5dB,TEST_B_UNSEEN_NOISE_REC,SPK_004,drone_uav_multicopter,NON_STATIONARY,PROCEDURAL / SYNTHETIC DEFENCE-NOISE,5.0,5.00,0.15,1,0.0,3.0,0.123516,0.045282,mixed/TEST_B_EXTENSION/SPK_004__drone_uav_multicopter__+5dB__primary.wav,mixed/TEST_B_EXTENSION/SPK_004__drone_uav_multicopter__+5dB__reference.wav,clean/SPK_004_clean.wav,151eb9b156daa12abb173f59ae1cb51d34372673fc3b69a11ed0b94eb3f95b20,38099,,1
SPK_004__drone_uav_multicopter__+10dB,TEST_B_UNSEEN_NOISE_REC,SPK_004,drone_uav_multicopter,NON_STATIONARY,PROCEDURAL / SYNTHETIC DEFENCE-NOISE,10.0,10.00,0.15,0,0.0,3.0,0.113026,0.029722,mixed/TEST_B_EXTENSION/SPK_004__drone_uav_multicopter__+10dB__primary.wav,mixed/TEST_B_EXTENSION/SPK_004__drone_uav_multicopter__+10dB__reference.wav,clean/SPK_004_clean.wav,e1e498871592936c957d98884e26ddf280c471a2d5c06fa0a9a912d5e43916ac,962089,,1
SPK_005__drone_uav_multicopter__-5dB,TEST_B_UNSEEN_NOISE_REC,SPK_005,drone_uav_multicopter,NON_STATIONARY,PROCEDURAL / SYNTHETIC DEFENCE-NOISE,-5.0,-3.01,0.15,1,0.0,3.0,0.175163,0.136958,mixed/TEST_B_EXTENSION/SPK_005__drone_uav_multicopter__-5dB__primary.wav,mixed/TEST_B_EXTENSION/SPK_005__drone_uav_multicopter__-5dB__reference.wav,clean/SPK_005_clean.wav,5071a42201fc3624919674d9fb5d837385006412639069574865ad2c12d9433f,887068,,1
SPK_005__drone_uav_multicopter__+0dB,TEST_B_UNSEEN_NOISE_REC,SPK_005,drone_uav_multicopter,NON_STATIONARY,PROCEDURAL / SYNTHETIC DEFENCE-NOISE,0.0,1.02,0.15,2,-1.0,3.0,0.136131,0.078138,mixed/TEST_B_EXTENSION/SPK_005__drone_uav_multicopter__+0dB__primary.wav,mixed/TEST_B_EXTENSION/SPK_005__drone_uav_multicopter__+0dB__reference.wav,clean/SPK_005_clean.wav,10cacd3b45188b29c051827d69f54f4a4194a933519a3f35ba90e1523aa718bc,316923,,1
SPK_005__drone_uav_multicopter__+5dB,TEST_B_UNSEEN_NOISE_REC,SPK_005,drone_uav_multicopter,NON_STATIONARY,PROCEDURAL / SYNTHETIC DEFENCE-NOISE,5.0,5.00,0.15,1,0.0,3.0,0.125346,0.045558,mixed/TEST_B_EXTENSION/SPK_005__drone_uav_multicopter__+5dB__primary.wav,mixed/TEST_B_EXTENSION/SPK_005__drone_uav_multicopter__+5dB__reference.wav,clean/SPK_005_clean.wav,5207fa72f9f3700d6ef361227dbd2eeab0973fa0355115dba6d46fe98d0b3656,77384,,1
SPK_005__drone_uav_multicopter__+10dB,TEST_B_UNSEEN_NOISE_REC,SPK_005,drone_uav_multicopter,NON_STATIONARY,PROCEDURAL / SYNTHETIC DEFENCE-NOISE,10.0,10.00,0.15,0,0.0,3.0,0.114589,0.030017,mixed/TEST_B_EXTENSION/SPK_005__drone_uav_multicopter__+10dB__primary.wav,mixed/TEST_B_EXTENSION/SPK_005__drone_uav_multicopter__+10dB__reference.wav,clean/SPK_005_clean.wav,26837bebd776fd65d7973bf39a797c1dde5a7bad02ba41253240453a5385cb6c,399283,,1
SPK_006__drone_uav_multicopter__-5dB,TEST_B_UNSEEN_NOISE_REC,SPK_006,drone_uav_multicopter,NON_STATIONARY,PROCEDURAL / SYNTHETIC DEFENCE-NOISE,-5.0,-2.76,0.15,1,-1.0,3.0,0.173900,0.140306,mixed/TEST_B_EXTENSION/SPK_006__drone_uav_multicopter__-5dB__primary.wav,mixed/TEST_B_EXTENSION/SPK_006__drone_uav_multicopter__-5dB__reference.wav,clean/SPK_006_clean.wav,138c4d52e31f70cd77ecf0fc82d5896d1d0b0531d258042d927fd1cdc3c59391,836861,,1
SPK_006__drone_uav_multicopter__+0dB,TEST_B_UNSEEN_NOISE_REC,SPK_006,drone_uav_multicopter,NON_STATIONARY,PROCEDURAL / SYNTHETIC DEFENCE-NOISE,0.0,0.94,0.15,1,-1.0,3.0,0.141103,0.080450,mixed/TEST_B_EXTENSION/SPK_006__drone_uav_multicopter__+0dB__primary.wav,mixed/TEST_B_EXTENSION/SPK_006__drone_uav_multicopter__+0dB__reference.wav,clean/SPK_006_clean.wav,43a2bfdc0ae5012ab9321592cfdba9f2271e6458c4075f57f61dd9b9f4e2741b,126350,,1
SPK_006__drone_uav_multicopter__+5dB,TEST_B_UNSEEN_NOISE_REC,SPK_006,drone_uav_multicopter,NON_STATIONARY,PROCEDURAL / SYNTHETIC DEFENCE-NOISE,5.0,5.80,0.15,2,-1.0,3.0,0.114459,0.047606,mixed/TEST_B_EXTENSION/SPK_006__drone_uav_multicopter__+5dB__primary.wav,mixed/TEST_B_EXTENSION/SPK_006__drone_uav_multicopter__+5dB__reference.wav,clean/SPK_006_clean.wav,198fbeb87498e723f754af4b4f95a551ac544d98b589ea89b84bf50ed988c65c,429772,,1
SPK_006__drone_uav_multicopter__+10dB,TEST_B_UNSEEN_NOISE_REC,SPK_006,drone_uav_multicopter,NON_STATIONARY,PROCEDURAL / SYNTHETIC DEFENCE-NOISE,10.0,10.40,0.15,2,-1.0,3.0,0.104628,0.029373,mixed/TEST_B_EXTENSION/SPK_006__drone_uav_multicopter__+10dB__primary.wav,mixed/TEST_B_EXTENSION/SPK_006__drone_uav_multicopter__+10dB__reference.wav,clean/SPK_006_clean.wav,06509ad1c8fe4746a84025ffb99b0d54ce994f8b99511b0eebdf576497556faa,902686,,1
SPK_007__drone_uav_multicopter__-5dB,TEST_B_UNSEEN_NOISE_REC,SPK_007,drone_uav_multicopter,NON_STATIONARY,PROCEDURAL / SYNTHETIC DEFENCE-NOISE,-5.0,-3.59,0.15,1,-1.0,3.0,0.164125,0.119317,mixed/TEST_B_EXTENSION/SPK_007__drone_uav_multicopter__-5dB__primary.wav,mixed/TEST_B_EXTENSION/SPK_007__drone_uav_multicopter__-5dB__reference.wav,clean/SPK_007_clean.wav,6db2858438d43cfac3d490aa146abe389801f74c11cf5a55815ff0bf00db0920,773255,,1
SPK_007__drone_uav_multicopter__+0dB,TEST_B_UNSEEN_NOISE_REC,SPK_007,drone_uav_multicopter,NON_STATIONARY,PROCEDURAL / SYNTHETIC DEFENCE-NOISE,0.0,0.00,0.15,2,0.0,3.0,0.134888,0.068222,mixed/TEST_B_EXTENSION/SPK_007__drone_uav_multicopter__+0dB__primary.wav,mixed/TEST_B_EXTENSION/SPK_007__drone_uav_multicopter__+0dB__reference.wav,clean/SPK_007_clean.wav,7a5d96bdd62f0b31d6cb22db76cbed9d9cb80fa9226e98d32578c994af8a2113,267391,,1
SPK_007__drone_uav_multicopter__+5dB,TEST_B_UNSEEN_NOISE_REC,SPK_007,drone_uav_multicopter,NON_STATIONARY,PROCEDURAL / SYNTHETIC DEFENCE-NOISE,5.0,5.00,0.15,0,0.0,3.0,0.109138,0.039811,mixed/TEST_B_EXTENSION/SPK_007__drone_uav_multicopter__+5dB__primary.wav,mixed/TEST_B_EXTENSION/SPK_007__drone_uav_multicopter__+5dB__reference.wav,clean/SPK_007_clean.wav,edb780e5f17f974f8553c2573d6431553a771448045ada2614962e28de17fa95,267171,,1
SPK_007__drone_uav_multicopter__+10dB,TEST_B_UNSEEN_NOISE_REC,SPK_007,drone_uav_multicopter,NON_STATIONARY,PROCEDURAL / SYNTHETIC DEFENCE-NOISE,10.0,10.39,0.15,1,-1.0,3.0,0.088932,0.025811,mixed/TEST_B_EXTENSION/SPK_007__drone_uav_multicopter__+10dB__primary.wav,mixed/TEST_B_EXTENSION/SPK_007__drone_uav_multicopter__+10dB__reference.wav,clean/SPK_007_clean.wav,c7723f0b5643e1c06bdf1d5c4b717f0df21beb3dd27a769fc487da9add3eb15b,870839,,1
SPK_008__drone_uav_multicopter__-5dB,TEST_B_UNSEEN_NOISE_REC,SPK_008,drone_uav_multicopter,NON_STATIONARY,PROCEDURAL / SYNTHETIC DEFENCE-NOISE,-5.0,-4.73,0.15,1,0.0,3.0,0.216399,0.137340,mixed/TEST_B_EXTENSION/SPK_008__drone_uav_multicopter__-5dB__primary.wav,mixed/TEST_B_EXTENSION/SPK_008__drone_uav_multicopter__-5dB__reference.wav,clean/SPK_008_clean.wav,eb734de0bf825c4a716ba7c33cc5b50c2cd727d2f59262ab5b9b224ed31f0edd,594567,,1
SPK_008__drone_uav_multicopter__+0dB,TEST_B_UNSEEN_NOISE_REC,SPK_008,drone_uav_multicopter,NON_STATIONARY,PROCEDURAL / SYNTHETIC DEFENCE-NOISE,0.0,0.93,0.15,0,-1.0,3.0,0.137882,0.078575,mixed/TEST_B_EXTENSION/SPK_008__drone_uav_multicopter__+0dB__primary.wav,mixed/TEST_B_EXTENSION/SPK_008__drone_uav_multicopter__+0dB__reference.wav,clean/SPK_008_clean.wav,225d4a04ded9637b0f10c4b5a341ba052f8a204b741372f96ee6151214f57038,408305,,1
SPK_008__drone_uav_multicopter__+5dB,TEST_B_UNSEEN_NOISE_REC,SPK_008,drone_uav_multicopter,NON_STATIONARY,PROCEDURAL / SYNTHETIC DEFENCE-NOISE,5.0,5.81,0.15,0,-1.0,3.0,0.112048,0.046553,mixed/TEST_B_EXTENSION/SPK_008__drone_uav_multicopter__+5dB__primary.wav,mixed/TEST_B_EXTENSION/SPK_008__drone_uav_multicopter__+5dB__reference.wav,clean/SPK_008_clean.wav,e5eb41a4392cd50113d0d88dabd68ec30857594268fa18fede901b8e980a5d08,786784,,1
SPK_008__drone_uav_multicopter__+10dB,TEST_B_UNSEEN_NOISE_REC,SPK_008,drone_uav_multicopter,NON_STATIONARY,PROCEDURAL / SYNTHETIC DEFENCE-NOISE,10.0,10.40,0.15,2,-1.0,3.0,0.102344,0.029491,mixed/TEST_B_EXTENSION/SPK_008__drone_uav_multicopter__+10dB__primary.wav,mixed/TEST_B_EXTENSION/SPK_008__drone_uav_multicopter__+10dB__reference.wav,clean/SPK_008_clean.wav,85dd1d9136ef791f16336ac0ed9195349e63314ba6320b9af8ceb89f283db8ea,358671,,1
SPK_001__wind_turbulent_field__-5dB,TEST_B_UNSEEN_NOISE_REC,SPK_001,wind_turbulent_field,STATIONARY,PROCEDURAL / SYNTHETIC DEFENCE-NOISE,-5.0,-4.12,0.15,0,0.0,3.0,0.164629,0.112086,mixed/TEST_B_EXTENSION/SPK_001__wind_turbulent_field__-5dB__primary.wav,mixed/TEST_B_EXTENSION/SPK_001__wind_turbulent_field__-5dB__reference.wav,clean/SPK_001_clean.wav,baad06be54104fc18e1a765762608d7b1825b76b2a4347d47967cc5e49770d08,59739,,1
SPK_001__wind_turbulent_field__+0dB,TEST_B_UNSEEN_NOISE_REC,SPK_001,wind_turbulent_field,STATIONARY,PROCEDURAL / SYNTHETIC DEFENCE-NOISE,0.0,0.00,0.15,2,0.0,3.0,0.126528,0.063883,mixed/TEST_B_EXTENSION/SPK_001__wind_turbulent_field__+0dB__primary.wav,mixed/TEST_B_EXTENSION/SPK_001__wind_turbulent_field__+0dB__reference.wav,clean/SPK_001_clean.wav,1f6d8a3a3c6929a1e8700a2c3b4b06c20cb84e46508ee115d5c64dc6684146e4,319172,,1
SPK_001__wind_turbulent_field__+5dB,TEST_B_UNSEEN_NOISE_REC,SPK_001,wind_turbulent_field,STATIONARY,PROCEDURAL / SYNTHETIC DEFENCE-NOISE,5.0,5.00,0.15,2,0.0,3.0,0.102626,0.038015,mixed/TEST_B_EXTENSION/SPK_001__wind_turbulent_field__+5dB__primary.wav,mixed/TEST_B_EXTENSION/SPK_001__wind_turbulent_field__+5dB__reference.wav,clean/SPK_001_clean.wav,319ec9c59520456f0aca9a911e894c4b4ea16a2b85e869a977dcd8afac68e821,148440,,1
SPK_001__wind_turbulent_field__+10dB,TEST_B_UNSEEN_NOISE_REC,SPK_001,wind_turbulent_field,STATIONARY,PROCEDURAL / SYNTHETIC DEFENCE-NOISE,10.0,10.00,0.15,1,0.0,3.0,0.093810,0.024380,mixed/TEST_B_EXTENSION/SPK_001__wind_turbulent_field__+10dB__primary.wav,mixed/TEST_B_EXTENSION/SPK_001__wind_turbulent_field__+10dB__reference.wav,clean/SPK_001_clean.wav,b7fa3c724e3e5f9a28071ce44373fbc375a3d08ddde2fb63e021b164cc85035f,420836,,1
SPK_002__wind_turbulent_field__-5dB,TEST_B_UNSEEN_NOISE_REC,SPK_002,wind_turbulent_field,STATIONARY,PROCEDURAL / SYNTHETIC DEFENCE-NOISE,-5.0,-2.61,0.15,0,-1.0,3.0,0.151260,0.124456,mixed/TEST_B_EXTENSION/SPK_002__wind_turbulent_field__-5dB__primary.wav,mixed/TEST_B_EXTENSION/SPK_002__wind_turbulent_field__-5dB__reference.wav,clean/SPK_002_clean.wav,5621ae176d5fec2cfbb7de1ecef02a47e1ca9aa18d87a2f12219ff81ca4bd243,721770,,1
SPK_002__wind_turbulent_field__+0dB,TEST_B_UNSEEN_NOISE_REC,SPK_002,wind_turbulent_field,STATIONARY,PROCEDURAL / SYNTHETIC DEFENCE-NOISE,0.0,0.94,0.15,1,-1.0,3.0,0.125264,0.071283,mixed/TEST_B_EXTENSION/SPK_002__wind_turbulent_field__+0dB__primary.wav,mixed/TEST_B_EXTENSION/SPK_002__wind_turbulent_field__+0dB__reference.wav,clean/SPK_002_clean.wav,302850d1722c5051bd7949570e7c8c8c348ab19e1022f55164d2a548e5a5f68e,82189,,1
SPK_002__wind_turbulent_field__+5dB,TEST_B_UNSEEN_NOISE_REC,SPK_002,wind_turbulent_field,STATIONARY,PROCEDURAL / SYNTHETIC DEFENCE-NOISE,5.0,5.80,0.15,2,-1.0,3.0,0.101619,0.041637,mixed/TEST_B_EXTENSION/SPK_002__wind_turbulent_field__+5dB__primary.wav,mixed/TEST_B_EXTENSION/SPK_002__wind_turbulent_field__+5dB__reference.wav,clean/SPK_002_clean.wav,736e775702cd106003d271b3cc064d15fafe00565585f52220b5c5bcf1a4ed57,378057,,1
SPK_002__wind_turbulent_field__+10dB,TEST_B_UNSEEN_NOISE_REC,SPK_002,wind_turbulent_field,STATIONARY,PROCEDURAL / SYNTHETIC DEFENCE-NOISE,10.0,10.40,0.15,1,-1.0,3.0,0.092894,0.026184,mixed/TEST_B_EXTENSION/SPK_002__wind_turbulent_field__+10dB__primary.wav,mixed/TEST_B_EXTENSION/SPK_002__wind_turbulent_field__+10dB__reference.wav,clean/SPK_002_clean.wav,64bfef662fd42c287e7a9ef223edb221aa685cc85b5e2b88cab4605f0915e3ef,309525,,1
SPK_003__wind_turbulent_field__-5dB,TEST_B_UNSEEN_NOISE_REC,SPK_003,wind_turbulent_field,STATIONARY,PROCEDURAL / SYNTHETIC DEFENCE-NOISE,-5.0,-4.50,0.15,0,0.0,3.0,0.202080,0.131542,mixed/TEST_B_EXTENSION/SPK_003__wind_turbulent_field__-5dB__primary.wav,mixed/TEST_B_EXTENSION/SPK_003__wind_turbulent_field__-5dB__reference.wav,clean/SPK_003_clean.wav,a545ec72a2085acbb51caa25723c125db20da8eaaa845e3fd9a83d923856f88c,226670,,1
SPK_003__wind_turbulent_field__+0dB,TEST_B_UNSEEN_NOISE_REC,SPK_003,wind_turbulent_field,STATIONARY,PROCEDURAL / SYNTHETIC DEFENCE-NOISE,0.0,0.94,0.15,2,-1.0,3.0,0.132298,0.074852,mixed/TEST_B_EXTENSION/SPK_003__wind_turbulent_field__+0dB__primary.wav,mixed/TEST_B_EXTENSION/SPK_003__wind_turbulent_field__+0dB__reference.wav,clean/SPK_003_clean.wav,3738ed81a162419fc7d7a9f11ddf5022dfa71d2e18233d616b8aac02fb4ac42b,739207,,1
SPK_003__wind_turbulent_field__+5dB,TEST_B_UNSEEN_NOISE_REC,SPK_003,wind_turbulent_field,STATIONARY,PROCEDURAL / SYNTHETIC DEFENCE-NOISE,5.0,5.00,0.15,0,0.0,3.0,0.120446,0.044415,mixed/TEST_B_EXTENSION/SPK_003__wind_turbulent_field__+5dB__primary.wav,mixed/TEST_B_EXTENSION/SPK_003__wind_turbulent_field__+5dB__reference.wav,clean/SPK_003_clean.wav,c66fb1dab7ca8e7ad7ce046b5f943787a911e7c379b4b3720526b293fa362166,8770,,1
SPK_003__wind_turbulent_field__+10dB,TEST_B_UNSEEN_NOISE_REC,SPK_003,wind_turbulent_field,STATIONARY,PROCEDURAL / SYNTHETIC DEFENCE-NOISE,10.0,10.40,0.15,2,-1.0,3.0,0.098105,0.028207,mixed/TEST_B_EXTENSION/SPK_003__wind_turbulent_field__+10dB__primary.wav,mixed/TEST_B_EXTENSION/SPK_003__wind_turbulent_field__+10dB__reference.wav,clean/SPK_003_clean.wav,aa8861e3cce3c56173d5730a170c6fdf1aa42cd4dea3720c1f03b6d87714972f,911088,,1
SPK_004__wind_turbulent_field__-5dB,TEST_B_UNSEEN_NOISE_REC,SPK_004,wind_turbulent_field,STATIONARY,PROCEDURAL / SYNTHETIC DEFENCE-NOISE,-5.0,-2.61,0.15,1,-1.0,3.0,0.164004,0.135151,mixed/TEST_B_EXTENSION/SPK_004__wind_turbulent_field__-5dB__primary.wav,mixed/TEST_B_EXTENSION/SPK_004__wind_turbulent_field__-5dB__reference.wav,clean/SPK_004_clean.wav,537d2e1a846dbd2213033736e50aa085f396be75e12651c46bf3da039e0094b1,409947,,1
SPK_004__wind_turbulent_field__+0dB,TEST_B_UNSEEN_NOISE_REC,SPK_004,wind_turbulent_field,STATIONARY,PROCEDURAL / SYNTHETIC DEFENCE-NOISE,0.0,0.94,0.15,2,-1.0,3.0,0.135805,0.077120,mixed/TEST_B_EXTENSION/SPK_004__wind_turbulent_field__+0dB__primary.wav,mixed/TEST_B_EXTENSION/SPK_004__wind_turbulent_field__+0dB__reference.wav,clean/SPK_004_clean.wav,cd5a94aea2524351650910f33c3456c28faf2ff555e52dd5e44299e87d6f6953,856357,,1
SPK_004__wind_turbulent_field__+5dB,TEST_B_UNSEEN_NOISE_REC,SPK_004,wind_turbulent_field,STATIONARY,PROCEDURAL / SYNTHETIC DEFENCE-NOISE,5.0,5.80,0.15,1,-1.0,3.0,0.110154,0.045841,mixed/TEST_B_EXTENSION/SPK_004__wind_turbulent_field__+5dB__primary.wav,mixed/TEST_B_EXTENSION/SPK_004__wind_turbulent_field__+5dB__reference.wav,clean/SPK_004_clean.wav,dcb8ff5fcdcd955818a9c67b2ae9a086a3b91d30ed28c578ee7754bd7bf5bd1f,453682,,1
SPK_004__wind_turbulent_field__+10dB,TEST_B_UNSEEN_NOISE_REC,SPK_004,wind_turbulent_field,STATIONARY,PROCEDURAL / SYNTHETIC DEFENCE-NOISE,10.0,10.40,0.15,0,-1.0,3.0,0.100712,0.028262,mixed/TEST_B_EXTENSION/SPK_004__wind_turbulent_field__+10dB__primary.wav,mixed/TEST_B_EXTENSION/SPK_004__wind_turbulent_field__+10dB__reference.wav,clean/SPK_004_clean.wav,84f42b6add7d1f2ae070e5a6e3e398f5190b8feba0d76764e32fa2bd18e735d2,580894,,1
SPK_005__wind_turbulent_field__-5dB,TEST_B_UNSEEN_NOISE_REC,SPK_005,wind_turbulent_field,STATIONARY,PROCEDURAL / SYNTHETIC DEFENCE-NOISE,-5.0,-3.39,0.15,1,-1.0,3.0,0.183879,0.137115,mixed/TEST_B_EXTENSION/SPK_005__wind_turbulent_field__-5dB__primary.wav,mixed/TEST_B_EXTENSION/SPK_005__wind_turbulent_field__-5dB__reference.wav,clean/SPK_005_clean.wav,4dc743c85d15d36e4e4ef3b7ad7d9ff61e2c491987a002b217eb7e4e8cdc0926,764928,,1
SPK_005__wind_turbulent_field__+0dB,TEST_B_UNSEEN_NOISE_REC,SPK_005,wind_turbulent_field,STATIONARY,PROCEDURAL / SYNTHETIC DEFENCE-NOISE,0.0,1.22,0.15,2,0.0,3.0,0.132391,0.078401,mixed/TEST_B_EXTENSION/SPK_005__wind_turbulent_field__+0dB__primary.wav,mixed/TEST_B_EXTENSION/SPK_005__wind_turbulent_field__+0dB__reference.wav,clean/SPK_005_clean.wav,1f7432f1fc6fc12d56691bf2abaf7316d84e76c3c09e6216022f26bafa4b819b,200212,,1
SPK_005__wind_turbulent_field__+5dB,TEST_B_UNSEEN_NOISE_REC,SPK_005,wind_turbulent_field,STATIONARY,PROCEDURAL / SYNTHETIC DEFENCE-NOISE,5.0,5.00,0.15,0,0.0,3.0,0.125371,0.045565,mixed/TEST_B_EXTENSION/SPK_005__wind_turbulent_field__+5dB__primary.wav,mixed/TEST_B_EXTENSION/SPK_005__wind_turbulent_field__+5dB__reference.wav,clean/SPK_005_clean.wav,a647561e522d265a4d84de8edb4975f86c38894362e684d9eabaad4894fcad05,919836,,1
SPK_005__wind_turbulent_field__+10dB,TEST_B_UNSEEN_NOISE_REC,SPK_005,wind_turbulent_field,STATIONARY,PROCEDURAL / SYNTHETIC DEFENCE-NOISE,10.0,10.40,0.15,2,-1.0,3.0,0.102147,0.030069,mixed/TEST_B_EXTENSION/SPK_005__wind_turbulent_field__+10dB__primary.wav,mixed/TEST_B_EXTENSION/SPK_005__wind_turbulent_field__+10dB__reference.wav,clean/SPK_005_clean.wav,3a3e4d724f8cb1cccae2b13b744158605dc18f4d4808ebf4c8462dad9bf639d2,820233,,1
SPK_006__wind_turbulent_field__-5dB,TEST_B_UNSEEN_NOISE_REC,SPK_006,wind_turbulent_field,STATIONARY,PROCEDURAL / SYNTHETIC DEFENCE-NOISE,-5.0,-3.98,0.15,1,0.0,3.0,0.202466,0.140217,mixed/TEST_B_EXTENSION/SPK_006__wind_turbulent_field__-5dB__primary.wav,mixed/TEST_B_EXTENSION/SPK_006__wind_turbulent_field__-5dB__reference.wav,clean/SPK_006_clean.wav,47b0b2c7343690bbefd3f308e6fa7f5ec692ece327da7c97af200754004cfc4e,517261,,1
SPK_006__wind_turbulent_field__+0dB,TEST_B_UNSEEN_NOISE_REC,SPK_006,wind_turbulent_field,STATIONARY,PROCEDURAL / SYNTHETIC DEFENCE-NOISE,0.0,0.00,0.15,2,0.0,3.0,0.158344,0.080510,mixed/TEST_B_EXTENSION/SPK_006__wind_turbulent_field__+0dB__primary.wav,mixed/TEST_B_EXTENSION/SPK_006__wind_turbulent_field__+0dB__reference.wav,clean/SPK_006_clean.wav,40a1a658fbc83a5fe950cc582778b0b9a2314cb1b0d4938e284ebe419db5bab6,80133,,1
SPK_006__wind_turbulent_field__+5dB,TEST_B_UNSEEN_NOISE_REC,SPK_006,wind_turbulent_field,STATIONARY,PROCEDURAL / SYNTHETIC DEFENCE-NOISE,5.0,5.80,0.15,2,-1.0,3.0,0.114479,0.046842,mixed/TEST_B_EXTENSION/SPK_006__wind_turbulent_field__+5dB__primary.wav,mixed/TEST_B_EXTENSION/SPK_006__wind_turbulent_field__+5dB__reference.wav,clean/SPK_006_clean.wav,405e633ee7d35ea77971d53c94229ec7d8ffdbb7df98cb7db7d866d345c44a44,614554,,1
SPK_006__wind_turbulent_field__+10dB,TEST_B_UNSEEN_NOISE_REC,SPK_006,wind_turbulent_field,STATIONARY,PROCEDURAL / SYNTHETIC DEFENCE-NOISE,10.0,10.00,0.15,2,0.0,3.0,0.117402,0.029791,mixed/TEST_B_EXTENSION/SPK_006__wind_turbulent_field__+10dB__primary.wav,mixed/TEST_B_EXTENSION/SPK_006__wind_turbulent_field__+10dB__reference.wav,clean/SPK_006_clean.wav,729c365ebf7994239048568ded72f79888cefadff650704c2575a453c5ae2c6b,950744,,1
SPK_007__wind_turbulent_field__-5dB,TEST_B_UNSEEN_NOISE_REC,SPK_007,wind_turbulent_field,STATIONARY,PROCEDURAL / SYNTHETIC DEFENCE-NOISE,-5.0,-3.64,0.15,0,-1.0,3.0,0.165308,0.119490,mixed/TEST_B_EXTENSION/SPK_007__wind_turbulent_field__-5dB__primary.wav,mixed/TEST_B_EXTENSION/SPK_007__wind_turbulent_field__-5dB__reference.wav,clean/SPK_007_clean.wav,5c41c82ae138ef4bd165efee92d8db6c5e2e512d65c6aedf45eadf53000904c6,697034,,1
SPK_007__wind_turbulent_field__+0dB,TEST_B_UNSEEN_NOISE_REC,SPK_007,wind_turbulent_field,STATIONARY,PROCEDURAL / SYNTHETIC DEFENCE-NOISE,0.0,0.94,0.15,2,-1.0,3.0,0.120011,0.068394,mixed/TEST_B_EXTENSION/SPK_007__wind_turbulent_field__+0dB__primary.wav,mixed/TEST_B_EXTENSION/SPK_007__wind_turbulent_field__+0dB__reference.wav,clean/SPK_007_clean.wav,1f271d3a7eaab41569fd0b071efef8e75c822d646d3701bdc248e38c801b9fef,686754,,1
SPK_007__wind_turbulent_field__+5dB,TEST_B_UNSEEN_NOISE_REC,SPK_007,wind_turbulent_field,STATIONARY,PROCEDURAL / SYNTHETIC DEFENCE-NOISE,5.0,5.80,0.15,1,-1.0,3.0,0.097353,0.040294,mixed/TEST_B_EXTENSION/SPK_007__wind_turbulent_field__+5dB__primary.wav,mixed/TEST_B_EXTENSION/SPK_007__wind_turbulent_field__+5dB__reference.wav,clean/SPK_007_clean.wav,61918208380375665457c2610b3ab9458a9e97f8d1267ce880909e72e2a0562f,823686,,1
SPK_007__wind_turbulent_field__+10dB,TEST_B_UNSEEN_NOISE_REC,SPK_007,wind_turbulent_field,STATIONARY,PROCEDURAL / SYNTHETIC DEFENCE-NOISE,10.0,10.00,0.15,0,0.0,3.0,0.099853,0.025542,mixed/TEST_B_EXTENSION/SPK_007__wind_turbulent_field__+10dB__primary.wav,mixed/TEST_B_EXTENSION/SPK_007__wind_turbulent_field__+10dB__reference.wav,clean/SPK_007_clean.wav,e7f953fec5d7ec2416a3d2087f6581cc4846a8d1a97cf7047a84f1053009f403,441972,,1
SPK_008__wind_turbulent_field__-5dB,TEST_B_UNSEEN_NOISE_REC,SPK_008,wind_turbulent_field,STATIONARY,PROCEDURAL / SYNTHETIC DEFENCE-NOISE,-5.0,-2.63,0.15,0,-1.0,3.0,0.166951,0.137105,mixed/TEST_B_EXTENSION/SPK_008__wind_turbulent_field__-5dB__primary.wav,mixed/TEST_B_EXTENSION/SPK_008__wind_turbulent_field__-5dB__reference.wav,clean/SPK_008_clean.wav,eb1c00026edaefdff6543ff18eab60b57d837a9319dbf56715a70f92196ba080,255922,,1
SPK_008__wind_turbulent_field__+0dB,TEST_B_UNSEEN_NOISE_REC,SPK_008,wind_turbulent_field,STATIONARY,PROCEDURAL / SYNTHETIC DEFENCE-NOISE,0.0,0.10,0.15,1,0.0,3.0,0.152954,0.078374,mixed/TEST_B_EXTENSION/SPK_008__wind_turbulent_field__+0dB__primary.wav,mixed/TEST_B_EXTENSION/SPK_008__wind_turbulent_field__+0dB__reference.wav,clean/SPK_008_clean.wav,2b83b3d9c5e097bee6f48f1996b750e17a5987f211f299feb228b3429dfe11e6,667030,,1
SPK_008__wind_turbulent_field__+5dB,TEST_B_UNSEEN_NOISE_REC,SPK_008,wind_turbulent_field,STATIONARY,PROCEDURAL / SYNTHETIC DEFENCE-NOISE,5.0,5.00,0.15,2,0.0,3.0,0.125556,0.046703,mixed/TEST_B_EXTENSION/SPK_008__wind_turbulent_field__+5dB__primary.wav,mixed/TEST_B_EXTENSION/SPK_008__wind_turbulent_field__+5dB__reference.wav,clean/SPK_008_clean.wav,806f14d58a638005b0496dfd64d820674dd881d1bc2034c1470dc25cc5fc935d,719510,,1
SPK_008__wind_turbulent_field__+10dB,TEST_B_UNSEEN_NOISE_REC,SPK_008,wind_turbulent_field,STATIONARY,PROCEDURAL / SYNTHETIC DEFENCE-NOISE,10.0,10.00,0.15,0,0.0,3.0,0.114782,0.029017,mixed/TEST_B_EXTENSION/SPK_008__wind_turbulent_field__+10dB__primary.wav,mixed/TEST_B_EXTENSION/SPK_008__wind_turbulent_field__+10dB__reference.wav,clean/SPK_008_clean.wav,e0c5cfe2002298dbf497616ef6bf5bdaab993f14f4ba2f79ab97a594bed7a96b,230290,,1
SPK_001__mechanical_armoured_clatter__-5dB,TEST_B_UNSEEN_NOISE_REC,SPK_001,mechanical_armoured_clatter,NON_STATIONARY,PROCEDURAL / SYNTHETIC DEFENCE-NOISE,-5.0,-4.77,0.15,1,0.0,3.0,0.177495,0.112062,mixed/TEST_B_EXTENSION/SPK_001__mechanical_armoured_clatter__-5dB__primary.wav,mixed/TEST_B_EXTENSION/SPK_001__mechanical_armoured_clatter__-5dB__reference.wav,clean/SPK_001_clean.wav,e517315f4e6d2dd90938ef2a3b4f5a1fc40d35f97229be2046ecaa02d151deb4,901358,,1
SPK_001__mechanical_armoured_clatter__+0dB,TEST_B_UNSEEN_NOISE_REC,SPK_001,mechanical_armoured_clatter,NON_STATIONARY,PROCEDURAL / SYNTHETIC DEFENCE-NOISE,0.0,-0.00,0.15,1,0.0,3.0,0.126754,0.064226,mixed/TEST_B_EXTENSION/SPK_001__mechanical_armoured_clatter__+0dB__primary.wav,mixed/TEST_B_EXTENSION/SPK_001__mechanical_armoured_clatter__+0dB__reference.wav,clean/SPK_001_clean.wav,7748b6281c680ce7a001a3ff540bf1513922b4785e07f0d59c8857a3cccfa654,503704,,1
SPK_001__mechanical_armoured_clatter__+5dB,TEST_B_UNSEEN_NOISE_REC,SPK_001,mechanical_armoured_clatter,NON_STATIONARY,PROCEDURAL / SYNTHETIC DEFENCE-NOISE,5.0,5.79,0.15,1,-1.0,3.0,0.091309,0.037997,mixed/TEST_B_EXTENSION/SPK_001__mechanical_armoured_clatter__+5dB__primary.wav,mixed/TEST_B_EXTENSION/SPK_001__mechanical_armoured_clatter__+5dB__reference.wav,clean/SPK_001_clean.wav,0dfb0164653d89a68a7e11268d911e9016c392715d15fbc3257868d87dda1f82,786307,,1
SPK_001__mechanical_armoured_clatter__+10dB,TEST_B_UNSEEN_NOISE_REC,SPK_001,mechanical_armoured_clatter,NON_STATIONARY,PROCEDURAL / SYNTHETIC DEFENCE-NOISE,10.0,10.00,0.15,1,0.0,3.0,0.093683,0.023949,mixed/TEST_B_EXTENSION/SPK_001__mechanical_armoured_clatter__+10dB__primary.wav,mixed/TEST_B_EXTENSION/SPK_001__mechanical_armoured_clatter__+10dB__reference.wav,clean/SPK_001_clean.wav,79356cfc3ccfb43c4efd9e739ca2f16675890906dfef2dd68953f5a98d84fd2b,952902,,1
SPK_002__mechanical_armoured_clatter__-5dB,TEST_B_UNSEEN_NOISE_REC,SPK_002,mechanical_armoured_clatter,NON_STATIONARY,PROCEDURAL / SYNTHETIC DEFENCE-NOISE,-5.0,-3.94,0.15,0,0.0,3.0,0.178869,0.124558,mixed/TEST_B_EXTENSION/SPK_002__mechanical_armoured_clatter__-5dB__primary.wav,mixed/TEST_B_EXTENSION/SPK_002__mechanical_armoured_clatter__-5dB__reference.wav,clean/SPK_002_clean.wav,0db72c05217b10c91250d15e88ba6595de2c890e9244103b27c6bafba502a1cd,886827,,1
SPK_002__mechanical_armoured_clatter__+0dB,TEST_B_UNSEEN_NOISE_REC,SPK_002,mechanical_armoured_clatter,NON_STATIONARY,PROCEDURAL / SYNTHETIC DEFENCE-NOISE,0.0,-0.00,0.15,0,0.0,3.0,0.140635,0.071048,mixed/TEST_B_EXTENSION/SPK_002__mechanical_armoured_clatter__+0dB__primary.wav,mixed/TEST_B_EXTENSION/SPK_002__mechanical_armoured_clatter__+0dB__reference.wav,clean/SPK_002_clean.wav,9cbafcab8e96cf8810daf4a8df4c74062812bcd15d90625457f290e5513f19de,22353,,1
SPK_002__mechanical_armoured_clatter__+5dB,TEST_B_UNSEEN_NOISE_REC,SPK_002,mechanical_armoured_clatter,NON_STATIONARY,PROCEDURAL / SYNTHETIC DEFENCE-NOISE,5.0,5.79,0.15,0,-1.0,3.0,0.101413,0.041969,mixed/TEST_B_EXTENSION/SPK_002__mechanical_armoured_clatter__+5dB__primary.wav,mixed/TEST_B_EXTENSION/SPK_002__mechanical_armoured_clatter__+5dB__reference.wav,clean/SPK_002_clean.wav,629f25f01c72db857920d1f18f7855a7a0300f7eee5f55a3d045c0f92e73f1f3,1775,,1
SPK_002__mechanical_armoured_clatter__+10dB,TEST_B_UNSEEN_NOISE_REC,SPK_002,mechanical_armoured_clatter,NON_STATIONARY,PROCEDURAL / SYNTHETIC DEFENCE-NOISE,10.0,10.00,0.15,2,0.0,3.0,0.104249,0.026898,mixed/TEST_B_EXTENSION/SPK_002__mechanical_armoured_clatter__+10dB__primary.wav,mixed/TEST_B_EXTENSION/SPK_002__mechanical_armoured_clatter__+10dB__reference.wav,clean/SPK_002_clean.wav,1e57637a9c0f8dff6d68d2b4ce4ee1ea93994afbac2cfebd4e8196e65d55b288,887323,,1
SPK_003__mechanical_armoured_clatter__-5dB,TEST_B_UNSEEN_NOISE_REC,SPK_003,mechanical_armoured_clatter,NON_STATIONARY,PROCEDURAL / SYNTHETIC DEFENCE-NOISE,-5.0,-3.74,0.15,0,0.0,3.0,0.185028,0.131653,mixed/TEST_B_EXTENSION/SPK_003__mechanical_armoured_clatter__-5dB__primary.wav,mixed/TEST_B_EXTENSION/SPK_003__mechanical_armoured_clatter__-5dB__reference.wav,clean/SPK_003_clean.wav,136ea1ad47ecfc7eb6214e37f2e2750a0eac1cd797bb344262d8040c04e80105,291031,,1
SPK_003__mechanical_armoured_clatter__+0dB,TEST_B_UNSEEN_NOISE_REC,SPK_003,mechanical_armoured_clatter,NON_STATIONARY,PROCEDURAL / SYNTHETIC DEFENCE-NOISE,0.0,0.00,0.15,1,0.0,3.0,0.148009,0.075247,mixed/TEST_B_EXTENSION/SPK_003__mechanical_armoured_clatter__+0dB__primary.wav,mixed/TEST_B_EXTENSION/SPK_003__mechanical_armoured_clatter__+0dB__reference.wav,clean/SPK_003_clean.wav,84fde86cf6195ddc6cf4819e0f016bc46723e8ddaa82a30206353e944da455e4,686191,,1
SPK_003__mechanical_armoured_clatter__+5dB,TEST_B_UNSEEN_NOISE_REC,SPK_003,mechanical_armoured_clatter,NON_STATIONARY,PROCEDURAL / SYNTHETIC DEFENCE-NOISE,5.0,5.00,0.15,2,0.0,3.0,0.120416,0.043978,mixed/TEST_B_EXTENSION/SPK_003__mechanical_armoured_clatter__+5dB__primary.wav,mixed/TEST_B_EXTENSION/SPK_003__mechanical_armoured_clatter__+5dB__reference.wav,clean/SPK_003_clean.wav,26e14acf3e2d1b67c374da195bb2c8757fdd021a43613a6af582c112e1a75961,521088,,1
SPK_003__mechanical_armoured_clatter__+10dB,TEST_B_UNSEEN_NOISE_REC,SPK_003,mechanical_armoured_clatter,NON_STATIONARY,PROCEDURAL / SYNTHETIC DEFENCE-NOISE,10.0,10.40,0.15,0,-1.0,3.0,0.098154,0.027338,mixed/TEST_B_EXTENSION/SPK_003__mechanical_armoured_clatter__+10dB__primary.wav,mixed/TEST_B_EXTENSION/SPK_003__mechanical_armoured_clatter__+10dB__reference.wav,clean/SPK_003_clean.wav,c321ee7383a5744e3083f50f535363d85da87e74d63175b69eacb29187bea12c,484296,,1
SPK_004__mechanical_armoured_clatter__-5dB,TEST_B_UNSEEN_NOISE_REC,SPK_004,mechanical_armoured_clatter,NON_STATIONARY,PROCEDURAL / SYNTHETIC DEFENCE-NOISE,-5.0,-1.75,0.15,1,-1.0,3.0,0.145114,0.135252,mixed/TEST_B_EXTENSION/SPK_004__mechanical_armoured_clatter__-5dB__primary.wav,mixed/TEST_B_EXTENSION/SPK_004__mechanical_armoured_clatter__-5dB__reference.wav,clean/SPK_004_clean.wav,a02e35bb13611305baf54febcd2b0719c5ae4756d290bf1bec8303919411fe69,579615,,1
SPK_004__mechanical_armoured_clatter__+0dB,TEST_B_UNSEEN_NOISE_REC,SPK_004,mechanical_armoured_clatter,NON_STATIONARY,PROCEDURAL / SYNTHETIC DEFENCE-NOISE,0.0,0.15,0.15,2,0.0,3.0,0.149545,0.077216,mixed/TEST_B_EXTENSION/SPK_004__mechanical_armoured_clatter__+0dB__primary.wav,mixed/TEST_B_EXTENSION/SPK_004__mechanical_armoured_clatter__+0dB__reference.wav,clean/SPK_004_clean.wav,269d9b3dc9b18eb5d5c5b15a320369b735bb2633774dca22a411ebb7bca1c291,111220,,1
SPK_004__mechanical_armoured_clatter__+5dB,TEST_B_UNSEEN_NOISE_REC,SPK_004,mechanical_armoured_clatter,NON_STATIONARY,PROCEDURAL / SYNTHETIC DEFENCE-NOISE,5.0,5.00,0.15,1,0.0,3.0,0.123806,0.045226,mixed/TEST_B_EXTENSION/SPK_004__mechanical_armoured_clatter__+5dB__primary.wav,mixed/TEST_B_EXTENSION/SPK_004__mechanical_armoured_clatter__+5dB__reference.wav,clean/SPK_004_clean.wav,90cfc4db0dea4d092bd32a8faebf86a9fd5a0885ddc7ff196d86f28d362c2627,129081,,1
SPK_004__mechanical_armoured_clatter__+10dB,TEST_B_UNSEEN_NOISE_REC,SPK_004,mechanical_armoured_clatter,NON_STATIONARY,PROCEDURAL / SYNTHETIC DEFENCE-NOISE,10.0,10.40,0.15,0,-1.0,3.0,0.100701,0.029147,mixed/TEST_B_EXTENSION/SPK_004__mechanical_armoured_clatter__+10dB__primary.wav,mixed/TEST_B_EXTENSION/SPK_004__mechanical_armoured_clatter__+10dB__reference.wav,clean/SPK_004_clean.wav,9467ea061610e46eadafa6ed31e8b3a808a5eaf7ede18ef90f5535b0dd0f90a6,3698,,1
SPK_005__mechanical_armoured_clatter__-5dB,TEST_B_UNSEEN_NOISE_REC,SPK_005,mechanical_armoured_clatter,NON_STATIONARY,PROCEDURAL / SYNTHETIC DEFENCE-NOISE,-5.0,-2.26,0.15,1,0.0,3.0,0.159154,0.137161,mixed/TEST_B_EXTENSION/SPK_005__mechanical_armoured_clatter__-5dB__primary.wav,mixed/TEST_B_EXTENSION/SPK_005__mechanical_armoured_clatter__-5dB__reference.wav,clean/SPK_005_clean.wav,86a6e1d7f79149a326b66a2412ba32767e58f15762c92e4074b70cf29a41b214,850830,,1
SPK_005__mechanical_armoured_clatter__+0dB,TEST_B_UNSEEN_NOISE_REC,SPK_005,mechanical_armoured_clatter,NON_STATIONARY,PROCEDURAL / SYNTHETIC DEFENCE-NOISE,0.0,1.77,0.15,2,-1.0,3.0,0.122434,0.078487,mixed/TEST_B_EXTENSION/SPK_005__mechanical_armoured_clatter__+0dB__primary.wav,mixed/TEST_B_EXTENSION/SPK_005__mechanical_armoured_clatter__+0dB__reference.wav,clean/SPK_005_clean.wav,9e4049e806cdf3c89e440d3fe28d9deaffb911e5096def78c6ac314b1503f10e,851787,,1
SPK_005__mechanical_armoured_clatter__+5dB,TEST_B_UNSEEN_NOISE_REC,SPK_005,mechanical_armoured_clatter,NON_STATIONARY,PROCEDURAL / SYNTHETIC DEFENCE-NOISE,5.0,5.79,0.15,0,-1.0,3.0,0.111388,0.046279,mixed/TEST_B_EXTENSION/SPK_005__mechanical_armoured_clatter__+5dB__primary.wav,mixed/TEST_B_EXTENSION/SPK_005__mechanical_armoured_clatter__+5dB__reference.wav,clean/SPK_005_clean.wav,b1e384e148cc971611f952fd2467a6318e4189dd12a8eec51050e205c8e3b2a2,569468,,1
SPK_005__mechanical_armoured_clatter__+10dB,TEST_B_UNSEEN_NOISE_REC,SPK_005,mechanical_armoured_clatter,NON_STATIONARY,PROCEDURAL / SYNTHETIC DEFENCE-NOISE,10.0,10.39,0.15,0,-1.0,3.0,0.102029,0.029670,mixed/TEST_B_EXTENSION/SPK_005__mechanical_armoured_clatter__+10dB__primary.wav,mixed/TEST_B_EXTENSION/SPK_005__mechanical_armoured_clatter__+10dB__reference.wav,clean/SPK_005_clean.wav,0ca1bad54b60133de6b86f96b7a19ced19179b8668e591dd86638cc6cc133454,544073,,1
SPK_006__mechanical_armoured_clatter__-5dB,TEST_B_UNSEEN_NOISE_REC,SPK_006,mechanical_armoured_clatter,NON_STATIONARY,PROCEDURAL / SYNTHETIC DEFENCE-NOISE,-5.0,-2.68,0.15,0,0.0,3.0,0.171461,0.140318,mixed/TEST_B_EXTENSION/SPK_006__mechanical_armoured_clatter__-5dB__primary.wav,mixed/TEST_B_EXTENSION/SPK_006__mechanical_armoured_clatter__-5dB__reference.wav,clean/SPK_006_clean.wav,9300cd023942edfccfbcab582b1991a54630d3a8183e181b1af56f77406bb182,300636,,1
SPK_006__mechanical_armoured_clatter__+0dB,TEST_B_UNSEEN_NOISE_REC,SPK_006,mechanical_armoured_clatter,NON_STATIONARY,PROCEDURAL / SYNTHETIC DEFENCE-NOISE,0.0,0.31,0.15,1,0.0,3.0,0.152648,0.080523,mixed/TEST_B_EXTENSION/SPK_006__mechanical_armoured_clatter__+0dB__primary.wav,mixed/TEST_B_EXTENSION/SPK_006__mechanical_armoured_clatter__+0dB__reference.wav,clean/SPK_006_clean.wav,7a89cde72cb20373898a6ffc4cf43a44b8c638bcca4b929e46684ba5d3e2c7a1,559422,,1
SPK_006__mechanical_armoured_clatter__+5dB,TEST_B_UNSEEN_NOISE_REC,SPK_006,mechanical_armoured_clatter,NON_STATIONARY,PROCEDURAL / SYNTHETIC DEFENCE-NOISE,5.0,5.00,0.15,1,0.0,3.0,0.128384,0.047751,mixed/TEST_B_EXTENSION/SPK_006__mechanical_armoured_clatter__+5dB__primary.wav,mixed/TEST_B_EXTENSION/SPK_006__mechanical_armoured_clatter__+5dB__reference.wav,clean/SPK_006_clean.wav,9de72164d819bdad748b7947bc3f8c010be64b32e8a58ee76065625fc1a06507,120085,,1
SPK_006__mechanical_armoured_clatter__+10dB,TEST_B_UNSEEN_NOISE_REC,SPK_006,mechanical_armoured_clatter,NON_STATIONARY,PROCEDURAL / SYNTHETIC DEFENCE-NOISE,10.0,10.00,0.15,1,0.0,3.0,0.117539,0.030486,mixed/TEST_B_EXTENSION/SPK_006__mechanical_armoured_clatter__+10dB__primary.wav,mixed/TEST_B_EXTENSION/SPK_006__mechanical_armoured_clatter__+10dB__reference.wav,clean/SPK_006_clean.wav,b6931ceb4eefd031f6bc29d30d3d7770d2714ce7bb5210ea096e7429fb6fbd70,99233,,1
SPK_007__mechanical_armoured_clatter__-5dB,TEST_B_UNSEEN_NOISE_REC,SPK_007,mechanical_armoured_clatter,NON_STATIONARY,PROCEDURAL / SYNTHETIC DEFENCE-NOISE,-5.0,-3.61,0.15,2,0.0,3.0,0.164467,0.119391,mixed/TEST_B_EXTENSION/SPK_007__mechanical_armoured_clatter__-5dB__primary.wav,mixed/TEST_B_EXTENSION/SPK_007__mechanical_armoured_clatter__-5dB__reference.wav,clean/SPK_007_clean.wav,ce2c60bc606ac0136bea7bccd17f4efc5c2ec67826d1ca4011fd527d08c18d60,254924,,1
SPK_007__mechanical_armoured_clatter__+0dB,TEST_B_UNSEEN_NOISE_REC,SPK_007,mechanical_armoured_clatter,NON_STATIONARY,PROCEDURAL / SYNTHETIC DEFENCE-NOISE,0.0,0.00,0.15,0,0.0,3.0,0.134544,0.068342,mixed/TEST_B_EXTENSION/SPK_007__mechanical_armoured_clatter__+0dB__primary.wav,mixed/TEST_B_EXTENSION/SPK_007__mechanical_armoured_clatter__+0dB__reference.wav,clean/SPK_007_clean.wav,a19d55e99bc9a74cef413aeeba888c9b807f2a24e954cc958c2ab252ecd54b50,525146,,1
SPK_007__mechanical_armoured_clatter__+5dB,TEST_B_UNSEEN_NOISE_REC,SPK_007,mechanical_armoured_clatter,NON_STATIONARY,PROCEDURAL / SYNTHETIC DEFENCE-NOISE,5.0,5.00,0.15,1,0.0,3.0,0.109266,0.039828,mixed/TEST_B_EXTENSION/SPK_007__mechanical_armoured_clatter__+5dB__primary.wav,mixed/TEST_B_EXTENSION/SPK_007__mechanical_armoured_clatter__+5dB__reference.wav,clean/SPK_007_clean.wav,4701166be74fdc8061e488289955688a21d0458e9e2d500918d51e210317df7a,651127,,1
SPK_007__mechanical_armoured_clatter__+10dB,TEST_B_UNSEEN_NOISE_REC,SPK_007,mechanical_armoured_clatter,NON_STATIONARY,PROCEDURAL / SYNTHETIC DEFENCE-NOISE,10.0,10.40,0.15,0,-1.0,3.0,0.088997,0.025524,mixed/TEST_B_EXTENSION/SPK_007__mechanical_armoured_clatter__+10dB__primary.wav,mixed/TEST_B_EXTENSION/SPK_007__mechanical_armoured_clatter__+10dB__reference.wav,clean/SPK_007_clean.wav,3fffb0f6d76c9a12a0e335c7e6b13a87d7241241cf99fb0625d416f9e39607d4,881380,,1
SPK_008__mechanical_armoured_clatter__-5dB,TEST_B_UNSEEN_NOISE_REC,SPK_008,mechanical_armoured_clatter,NON_STATIONARY,PROCEDURAL / SYNTHETIC DEFENCE-NOISE,-5.0,-2.89,0.15,2,0.0,3.0,0.172752,0.137264,mixed/TEST_B_EXTENSION/SPK_008__mechanical_armoured_clatter__-5dB__primary.wav,mixed/TEST_B_EXTENSION/SPK_008__mechanical_armoured_clatter__-5dB__reference.wav,clean/SPK_008_clean.wav,c199a16a06be027d544e8b2d309dd86daab8203c3c8f1c0a2ca6e13883fc20f9,909239,,1
SPK_008__mechanical_armoured_clatter__+0dB,TEST_B_UNSEEN_NOISE_REC,SPK_008,mechanical_armoured_clatter,NON_STATIONARY,PROCEDURAL / SYNTHETIC DEFENCE-NOISE,0.0,-0.00,0.15,1,0.0,3.0,0.154658,0.078488,mixed/TEST_B_EXTENSION/SPK_008__mechanical_armoured_clatter__+0dB__primary.wav,mixed/TEST_B_EXTENSION/SPK_008__mechanical_armoured_clatter__+0dB__reference.wav,clean/SPK_008_clean.wav,8bd0040fb852d2bd77679afe76833cee144b03e95d905af241a16f8896da4939,824422,,1
SPK_008__mechanical_armoured_clatter__+5dB,TEST_B_UNSEEN_NOISE_REC,SPK_008,mechanical_armoured_clatter,NON_STATIONARY,PROCEDURAL / SYNTHETIC DEFENCE-NOISE,5.0,5.80,0.15,2,-1.0,3.0,0.111780,0.046265,mixed/TEST_B_EXTENSION/SPK_008__mechanical_armoured_clatter__+5dB__primary.wav,mixed/TEST_B_EXTENSION/SPK_008__mechanical_armoured_clatter__+5dB__reference.wav,clean/SPK_008_clean.wav,27222532426980a49f8a366f64d8aa18243e926e48bc5456b4bc57744ab4c035,940076,,1
SPK_008__mechanical_armoured_clatter__+10dB,TEST_B_UNSEEN_NOISE_REC,SPK_008,mechanical_armoured_clatter,NON_STATIONARY,PROCEDURAL / SYNTHETIC DEFENCE-NOISE,10.0,10.40,0.15,0,-1.0,3.0,0.102339,0.029306,mixed/TEST_B_EXTENSION/SPK_008__mechanical_armoured_clatter__+10dB__primary.wav,mixed/TEST_B_EXTENSION/SPK_008__mechanical_armoured_clatter__+10dB__reference.wav,clean/SPK_008_clean.wav,cc3eaad0b57fe5b3e7d846534070217acceabc8f3bed93eb8f54117b2ff2f9c5,321486,,1
SPK_001__tactical_siren_glide__-5dB,TEST_B_UNSEEN_NOISE_REC,SPK_001,tactical_siren_glide,NON_STATIONARY,PROCEDURAL / SYNTHETIC DEFENCE-NOISE,-5.0,-4.87,0.15,0,0.0,3.0,0.180121,0.112307,mixed/TEST_B_EXTENSION/SPK_001__tactical_siren_glide__-5dB__primary.wav,mixed/TEST_B_EXTENSION/SPK_001__tactical_siren_glide__-5dB__reference.wav,clean/SPK_001_clean.wav,f2297616ea9c20d3b2d2c8c36c558262e6cfe8ba87c7fa58abbcef65eee482fa,248663,,1
SPK_001__tactical_siren_glide__+0dB,TEST_B_UNSEEN_NOISE_REC,SPK_001,tactical_siren_glide,NON_STATIONARY,PROCEDURAL / SYNTHETIC DEFENCE-NOISE,0.0,0.94,0.15,1,-1.0,3.0,0.112932,0.064106,mixed/TEST_B_EXTENSION/SPK_001__tactical_siren_glide__+0dB__primary.wav,mixed/TEST_B_EXTENSION/SPK_001__tactical_siren_glide__+0dB__reference.wav,clean/SPK_001_clean.wav,3497f46237592c684fea1fb0b555562f6e3498c025e334515099f0dd74bfe862,342226,,1
SPK_001__tactical_siren_glide__+5dB,TEST_B_UNSEEN_NOISE_REC,SPK_001,tactical_siren_glide,NON_STATIONARY,PROCEDURAL / SYNTHETIC DEFENCE-NOISE,5.0,5.81,0.15,2,-1.0,3.0,0.091584,0.037655,mixed/TEST_B_EXTENSION/SPK_001__tactical_siren_glide__+5dB__primary.wav,mixed/TEST_B_EXTENSION/SPK_001__tactical_siren_glide__+5dB__reference.wav,clean/SPK_001_clean.wav,0e9c9cf6a94074f180ce0613453a6f204b91e1eaba1cf4c37d8b63c8b23a4c64,517733,,1
SPK_001__tactical_siren_glide__+10dB,TEST_B_UNSEEN_NOISE_REC,SPK_001,tactical_siren_glide,NON_STATIONARY,PROCEDURAL / SYNTHETIC DEFENCE-NOISE,10.0,10.41,0.15,0,-1.0,3.0,0.083678,0.023957,mixed/TEST_B_EXTENSION/SPK_001__tactical_siren_glide__+10dB__primary.wav,mixed/TEST_B_EXTENSION/SPK_001__tactical_siren_glide__+10dB__reference.wav,clean/SPK_001_clean.wav,f9282ec272800426f973ee3428e2a1b11b653fef418cf625ced43bea63371877,175069,,1
SPK_002__tactical_siren_glide__-5dB,TEST_B_UNSEEN_NOISE_REC,SPK_002,tactical_siren_glide,NON_STATIONARY,PROCEDURAL / SYNTHETIC DEFENCE-NOISE,-5.0,-5.00,0.15,0,0.0,3.0,0.202135,0.124618,mixed/TEST_B_EXTENSION/SPK_002__tactical_siren_glide__-5dB__primary.wav,mixed/TEST_B_EXTENSION/SPK_002__tactical_siren_glide__-5dB__reference.wav,clean/SPK_002_clean.wav,80c00d48f6cb0a11e70990e10bd2276d16892a083151d99c8b60616b7d273ab6,447367,,1
SPK_002__tactical_siren_glide__+0dB,TEST_B_UNSEEN_NOISE_REC,SPK_002,tactical_siren_glide,NON_STATIONARY,PROCEDURAL / SYNTHETIC DEFENCE-NOISE,0.0,0.00,0.15,2,0.0,3.0,0.140040,0.071204,mixed/TEST_B_EXTENSION/SPK_002__tactical_siren_glide__+0dB__primary.wav,mixed/TEST_B_EXTENSION/SPK_002__tactical_siren_glide__+0dB__reference.wav,clean/SPK_002_clean.wav,d736e94db6ef99339c738dfff9d1527ad2bbba10999e565bf9fb06b96cdb7050,185517,,1
SPK_002__tactical_siren_glide__+5dB,TEST_B_UNSEEN_NOISE_REC,SPK_002,tactical_siren_glide,NON_STATIONARY,PROCEDURAL / SYNTHETIC DEFENCE-NOISE,5.0,5.79,0.15,1,-1.0,3.0,0.101296,0.042218,mixed/TEST_B_EXTENSION/SPK_002__tactical_siren_glide__+5dB__primary.wav,mixed/TEST_B_EXTENSION/SPK_002__tactical_siren_glide__+5dB__reference.wav,clean/SPK_002_clean.wav,db1ae5cf7564f6c620eee52d82325a76ec38b790f9ae94877f1f366980533f91,454245,,1
SPK_002__tactical_siren_glide__+10dB,TEST_B_UNSEEN_NOISE_REC,SPK_002,tactical_siren_glide,NON_STATIONARY,PROCEDURAL / SYNTHETIC DEFENCE-NOISE,10.0,10.38,0.15,1,-1.0,3.0,0.092715,0.026025,mixed/TEST_B_EXTENSION/SPK_002__tactical_siren_glide__+10dB__primary.wav,mixed/TEST_B_EXTENSION/SPK_002__tactical_siren_glide__+10dB__reference.wav,clean/SPK_002_clean.wav,8b19e9e685173b22511bcb7203b0d261500ce3ab04a59399ab9f6dcecc7300c4,634014,,1
SPK_003__tactical_siren_glide__-5dB,TEST_B_UNSEEN_NOISE_REC,SPK_003,tactical_siren_glide,NON_STATIONARY,PROCEDURAL / SYNTHETIC DEFENCE-NOISE,-5.0,-4.88,0.15,1,0.0,3.0,0.211087,0.131479,mixed/TEST_B_EXTENSION/SPK_003__tactical_siren_glide__-5dB__primary.wav,mixed/TEST_B_EXTENSION/SPK_003__tactical_siren_glide__-5dB__reference.wav,clean/SPK_003_clean.wav,ebd5dc5408de598cda15a564b56378e6b95dbaa6405d37c5a7077b3caeb106bc,939058,,1
SPK_003__tactical_siren_glide__+0dB,TEST_B_UNSEEN_NOISE_REC,SPK_003,tactical_siren_glide,NON_STATIONARY,PROCEDURAL / SYNTHETIC DEFENCE-NOISE,0.0,0.93,0.15,2,-1.0,3.0,0.132236,0.075306,mixed/TEST_B_EXTENSION/SPK_003__tactical_siren_glide__+0dB__primary.wav,mixed/TEST_B_EXTENSION/SPK_003__tactical_siren_glide__+0dB__reference.wav,clean/SPK_003_clean.wav,922c07ad2bb984a0a420314d2cee91c6fa4a37b95659af4d7b46128bb251ed38,467812,,1
SPK_003__tactical_siren_glide__+5dB,TEST_B_UNSEEN_NOISE_REC,SPK_003,tactical_siren_glide,NON_STATIONARY,PROCEDURAL / SYNTHETIC DEFENCE-NOISE,5.0,5.80,0.15,1,-1.0,3.0,0.107324,0.044134,mixed/TEST_B_EXTENSION/SPK_003__tactical_siren_glide__+5dB__primary.wav,mixed/TEST_B_EXTENSION/SPK_003__tactical_siren_glide__+5dB__reference.wav,clean/SPK_003_clean.wav,61948f0886b986dbd0489eca30d5a87704d645b19222bd9c6f9ec1cd6456e971,131006,,1
SPK_003__tactical_siren_glide__+10dB,TEST_B_UNSEEN_NOISE_REC,SPK_003,tactical_siren_glide,NON_STATIONARY,PROCEDURAL / SYNTHETIC DEFENCE-NOISE,10.0,10.00,0.15,0,0.0,3.0,0.110070,0.028537,mixed/TEST_B_EXTENSION/SPK_003__tactical_siren_glide__+10dB__primary.wav,mixed/TEST_B_EXTENSION/SPK_003__tactical_siren_glide__+10dB__reference.wav,clean/SPK_003_clean.wav,87bf55552dcaeaf6963f748799821cb2a0e7f7d299f519ba987d8646f36d6787,796958,,1
SPK_004__tactical_siren_glide__-5dB,TEST_B_UNSEEN_NOISE_REC,SPK_004,tactical_siren_glide,NON_STATIONARY,PROCEDURAL / SYNTHETIC DEFENCE-NOISE,-5.0,-4.55,0.15,1,0.0,3.0,0.207309,0.134920,mixed/TEST_B_EXTENSION/SPK_004__tactical_siren_glide__-5dB__primary.wav,mixed/TEST_B_EXTENSION/SPK_004__tactical_siren_glide__-5dB__reference.wav,clean/SPK_004_clean.wav,6f4d24770fb60506c517d98b7cd5892eb74cb669e3d2ff4b7a39c83fd772337f,208858,,1
SPK_004__tactical_siren_glide__+0dB,TEST_B_UNSEEN_NOISE_REC,SPK_004,tactical_siren_glide,NON_STATIONARY,PROCEDURAL / SYNTHETIC DEFENCE-NOISE,0.0,-0.00,0.15,0,0.0,3.0,0.151327,0.076888,mixed/TEST_B_EXTENSION/SPK_004__tactical_siren_glide__+0dB__primary.wav,mixed/TEST_B_EXTENSION/SPK_004__tactical_siren_glide__+0dB__reference.wav,clean/SPK_004_clean.wav,86352a21cf5cd3dd3789a7121173bdd21e24e1c33d03d8a561d867a3355a0bd7,382043,,1
SPK_004__tactical_siren_glide__+5dB,TEST_B_UNSEEN_NOISE_REC,SPK_004,tactical_siren_glide,NON_STATIONARY,PROCEDURAL / SYNTHETIC DEFENCE-NOISE,5.0,5.00,0.15,2,0.0,3.0,0.122833,0.045684,mixed/TEST_B_EXTENSION/SPK_004__tactical_siren_glide__+5dB__primary.wav,mixed/TEST_B_EXTENSION/SPK_004__tactical_siren_glide__+5dB__reference.wav,clean/SPK_004_clean.wav,891170ef6c1930b71a80dfdf0a5fdc604e8146fbbe1772fe369d7c3a4773d939,872554,,1
SPK_004__tactical_siren_glide__+10dB,TEST_B_UNSEEN_NOISE_REC,SPK_004,tactical_siren_glide,NON_STATIONARY,PROCEDURAL / SYNTHETIC DEFENCE-NOISE,10.0,10.36,0.15,1,-1.0,3.0,0.100309,0.027930,mixed/TEST_B_EXTENSION/SPK_004__tactical_siren_glide__+10dB__primary.wav,mixed/TEST_B_EXTENSION/SPK_004__tactical_siren_glide__+10dB__reference.wav,clean/SPK_004_clean.wav,01bf789738f08f7ec79863ba25fce7f72848914777d2d5ccd5474744cf9ad77a,170490,,1
SPK_005__tactical_siren_glide__-5dB,TEST_B_UNSEEN_NOISE_REC,SPK_005,tactical_siren_glide,NON_STATIONARY,PROCEDURAL / SYNTHETIC DEFENCE-NOISE,-5.0,-4.41,0.15,1,0.0,3.0,0.206340,0.136902,mixed/TEST_B_EXTENSION/SPK_005__tactical_siren_glide__-5dB__primary.wav,mixed/TEST_B_EXTENSION/SPK_005__tactical_siren_glide__-5dB__reference.wav,clean/SPK_005_clean.wav,0ff5a8b49fb3185ff9502090ba4ae100296f3802a12f73a1e53bb5a6d09a34b2,49286,,1
SPK_005__tactical_siren_glide__+0dB,TEST_B_UNSEEN_NOISE_REC,SPK_005,tactical_siren_glide,NON_STATIONARY,PROCEDURAL / SYNTHETIC DEFENCE-NOISE,0.0,0.00,0.15,0,0.0,3.0,0.153102,0.078174,mixed/TEST_B_EXTENSION/SPK_005__tactical_siren_glide__+0dB__primary.wav,mixed/TEST_B_EXTENSION/SPK_005__tactical_siren_glide__+0dB__reference.wav,clean/SPK_005_clean.wav,2f7ac68f34d7ee710bfc56971eeacddb1cedeeec1b286a04d3a35e4e3627b473,813714,,1
SPK_005__tactical_siren_glide__+5dB,TEST_B_UNSEEN_NOISE_REC,SPK_005,tactical_siren_glide,NON_STATIONARY,PROCEDURAL / SYNTHETIC DEFENCE-NOISE,5.0,5.77,0.15,0,-1.0,3.0,0.110822,0.045580,mixed/TEST_B_EXTENSION/SPK_005__tactical_siren_glide__+5dB__primary.wav,mixed/TEST_B_EXTENSION/SPK_005__tactical_siren_glide__+5dB__reference.wav,clean/SPK_005_clean.wav,ea5902d17ed68a9dabff579c3085c17e02970e2f84ce7d0233e33b9392faeae1,318698,,1
SPK_005__tactical_siren_glide__+10dB,TEST_B_UNSEEN_NOISE_REC,SPK_005,tactical_siren_glide,NON_STATIONARY,PROCEDURAL / SYNTHETIC DEFENCE-NOISE,10.0,10.00,0.15,1,0.0,3.0,0.113995,0.029736,mixed/TEST_B_EXTENSION/SPK_005__tactical_siren_glide__+10dB__primary.wav,mixed/TEST_B_EXTENSION/SPK_005__tactical_siren_glide__+10dB__reference.wav,clean/SPK_005_clean.wav,6371cf04f11848eec33b1dc5e06219d12584852cdb1f474a24a4e5e249bc46bc,66025,,1
SPK_006__tactical_siren_glide__-5dB,TEST_B_UNSEEN_NOISE_REC,SPK_006,tactical_siren_glide,NON_STATIONARY,PROCEDURAL / SYNTHETIC DEFENCE-NOISE,-5.0,-3.46,0.15,2,-1.0,3.0,0.190524,0.140476,mixed/TEST_B_EXTENSION/SPK_006__tactical_siren_glide__-5dB__primary.wav,mixed/TEST_B_EXTENSION/SPK_006__tactical_siren_glide__-5dB__reference.wav,clean/SPK_006_clean.wav,45b4575d286da48502b98bb5ceb1b7c42191838002ad592e9dbc2aa7f49edd06,972353,,1
SPK_006__tactical_siren_glide__+0dB,TEST_B_UNSEEN_NOISE_REC,SPK_006,tactical_siren_glide,NON_STATIONARY,PROCEDURAL / SYNTHETIC DEFENCE-NOISE,0.0,0.94,0.15,2,-1.0,3.0,0.141323,0.080126,mixed/TEST_B_EXTENSION/SPK_006__tactical_siren_glide__+0dB__primary.wav,mixed/TEST_B_EXTENSION/SPK_006__tactical_siren_glide__+0dB__reference.wav,clean/SPK_006_clean.wav,4b50180dbedff225dd29997a4e6e8186f0feb5c042e5ec0cca62325743367d04,296654,,1
SPK_006__tactical_siren_glide__+5dB,TEST_B_UNSEEN_NOISE_REC,SPK_006,tactical_siren_glide,NON_STATIONARY,PROCEDURAL / SYNTHETIC DEFENCE-NOISE,5.0,5.00,0.15,0,0.0,3.0,0.128611,0.047126,mixed/TEST_B_EXTENSION/SPK_006__tactical_siren_glide__+5dB__primary.wav,mixed/TEST_B_EXTENSION/SPK_006__tactical_siren_glide__+5dB__reference.wav,clean/SPK_006_clean.wav,5ed94212bba6d34a9054de81ae9378eec2e0a656c7de862f20be617512c881f7,462661,,1
SPK_006__tactical_siren_glide__+10dB,TEST_B_UNSEEN_NOISE_REC,SPK_006,tactical_siren_glide,NON_STATIONARY,PROCEDURAL / SYNTHETIC DEFENCE-NOISE,10.0,10.00,0.15,0,0.0,3.0,0.117534,0.030786,mixed/TEST_B_EXTENSION/SPK_006__tactical_siren_glide__+10dB__primary.wav,mixed/TEST_B_EXTENSION/SPK_006__tactical_siren_glide__+10dB__reference.wav,clean/SPK_006_clean.wav,cadabc7643c9f335c80ded108a76f1e923f6a9d00336457add7cd74d76cc541a,421130,,1
SPK_007__tactical_siren_glide__-5dB,TEST_B_UNSEEN_NOISE_REC,SPK_007,tactical_siren_glide,NON_STATIONARY,PROCEDURAL / SYNTHETIC DEFENCE-NOISE,-5.0,-3.75,0.15,0,-1.0,3.0,0.167073,0.119452,mixed/TEST_B_EXTENSION/SPK_007__tactical_siren_glide__-5dB__primary.wav,mixed/TEST_B_EXTENSION/SPK_007__tactical_siren_glide__-5dB__reference.wav,clean/SPK_007_clean.wav,78eda04dcfa2d3e377e8f13c73a15778aaeb3f8b50c820b97cbe65355170a453,418421,,1
SPK_007__tactical_siren_glide__+0dB,TEST_B_UNSEEN_NOISE_REC,SPK_007,tactical_siren_glide,NON_STATIONARY,PROCEDURAL / SYNTHETIC DEFENCE-NOISE,0.0,-0.00,0.15,2,0.0,3.0,0.134363,0.067839,mixed/TEST_B_EXTENSION/SPK_007__tactical_siren_glide__+0dB__primary.wav,mixed/TEST_B_EXTENSION/SPK_007__tactical_siren_glide__+0dB__reference.wav,clean/SPK_007_clean.wav,0b020bfd4a78c5be67fe5fee210dc14b55089da7302cceb7578ae4361e6aafab,698330,,1
SPK_007__tactical_siren_glide__+5dB,TEST_B_UNSEEN_NOISE_REC,SPK_007,tactical_siren_glide,NON_STATIONARY,PROCEDURAL / SYNTHETIC DEFENCE-NOISE,5.0,5.00,0.15,1,0.0,3.0,0.109008,0.039872,mixed/TEST_B_EXTENSION/SPK_007__tactical_siren_glide__+5dB__primary.wav,mixed/TEST_B_EXTENSION/SPK_007__tactical_siren_glide__+5dB__reference.wav,clean/SPK_007_clean.wav,ac7084e0523bae887b7398761395626ca33eefad0539743b48aec86ed6c179bb,676768,,1
SPK_007__tactical_siren_glide__+10dB,TEST_B_UNSEEN_NOISE_REC,SPK_007,tactical_siren_glide,NON_STATIONARY,PROCEDURAL / SYNTHETIC DEFENCE-NOISE,10.0,10.38,0.15,1,-1.0,3.0,0.088873,0.025972,mixed/TEST_B_EXTENSION/SPK_007__tactical_siren_glide__+10dB__primary.wav,mixed/TEST_B_EXTENSION/SPK_007__tactical_siren_glide__+10dB__reference.wav,clean/SPK_007_clean.wav,de8545a4f08d67dec2be28abf3a982d88e0c0f1ea75b73ad05069bf4e58db3f0,81846,,1
SPK_008__tactical_siren_glide__-5dB,TEST_B_UNSEEN_NOISE_REC,SPK_008,tactical_siren_glide,NON_STATIONARY,PROCEDURAL / SYNTHETIC DEFENCE-NOISE,-5.0,-3.44,0.15,0,-1.0,3.0,0.184002,0.137011,mixed/TEST_B_EXTENSION/SPK_008__tactical_siren_glide__-5dB__primary.wav,mixed/TEST_B_EXTENSION/SPK_008__tactical_siren_glide__-5dB__reference.wav,clean/SPK_008_clean.wav,10d2d079779346b610a28a5666d9d10ffc99e33275deb8232a0aba0f8d0b43cc,578957,,1
SPK_008__tactical_siren_glide__+0dB,TEST_B_UNSEEN_NOISE_REC,SPK_008,tactical_siren_glide,NON_STATIONARY,PROCEDURAL / SYNTHETIC DEFENCE-NOISE,0.0,-0.00,0.15,1,0.0,3.0,0.153789,0.077994,mixed/TEST_B_EXTENSION/SPK_008__tactical_siren_glide__+0dB__primary.wav,mixed/TEST_B_EXTENSION/SPK_008__tactical_siren_glide__+0dB__reference.wav,clean/SPK_008_clean.wav,0ccd220c6e02ecf3c94f9db0b79951c665f87bfd6b88dc9744975322883a7994,487371,,1
SPK_008__tactical_siren_glide__+5dB,TEST_B_UNSEEN_NOISE_REC,SPK_008,tactical_siren_glide,NON_STATIONARY,PROCEDURAL / SYNTHETIC DEFENCE-NOISE,5.0,5.00,0.15,2,0.0,3.0,0.124854,0.046079,mixed/TEST_B_EXTENSION/SPK_008__tactical_siren_glide__+5dB__primary.wav,mixed/TEST_B_EXTENSION/SPK_008__tactical_siren_glide__+5dB__reference.wav,clean/SPK_008_clean.wav,d3e92dee33eb73a666458f476542a17079d74c10871076e094324142480597b6,167114,,1
SPK_008__tactical_siren_glide__+10dB,TEST_B_UNSEEN_NOISE_REC,SPK_008,tactical_siren_glide,NON_STATIONARY,PROCEDURAL / SYNTHETIC DEFENCE-NOISE,10.0,10.00,0.15,2,0.0,3.0,0.114349,0.028817,mixed/TEST_B_EXTENSION/SPK_008__tactical_siren_glide__+10dB__primary.wav,mixed/TEST_B_EXTENSION/SPK_008__tactical_siren_glide__+10dB__reference.wav,clean/SPK_008_clean.wav,0f22be4062fe2ea712dfa3c28bb40d716413e02775a3ee311c1e2182bed728b4,450996,,1
SPK_001__gunshot_transient_insas__-5dB,TEST_B_UNSEEN_NOISE_REC,SPK_001,gunshot_transient_insas,IMPULSIVE,PROCEDURAL / SYNTHETIC DEFENCE-NOISE,-5.0,0.93,0.15,0,0.0,3.0,0.024318,0.112049,mixed/TEST_B_EXTENSION/SPK_001__gunshot_transient_insas__-5dB__primary.wav,mixed/TEST_B_EXTENSION/SPK_001__gunshot_transient_insas__-5dB__reference.wav,clean/SPK_001_clean.wav,7ef961b9d7e814d19f508a78550fd1b4c3001eec1d12ddf08a71f4ea2b12c594,803132,7585;10035;12759,1
SPK_001__gunshot_transient_insas__+0dB,TEST_B_UNSEEN_NOISE_REC,SPK_001,gunshot_transient_insas,IMPULSIVE,PROCEDURAL / SYNTHETIC DEFENCE-NOISE,0.0,2.38,0.15,1,-1.0,3.0,0.038322,0.064142,mixed/TEST_B_EXTENSION/SPK_001__gunshot_transient_insas__+0dB__primary.wav,mixed/TEST_B_EXTENSION/SPK_001__gunshot_transient_insas__+0dB__reference.wav,clean/SPK_001_clean.wav,fd56a7e5ea1d1bc2a78ae13be9332cc87c4e01291b6d911beb2d70bada1e6591,886698,7748;10278;12417,1
SPK_001__gunshot_transient_insas__+5dB,TEST_B_UNSEEN_NOISE_REC,SPK_001,gunshot_transient_insas,IMPULSIVE,PROCEDURAL / SYNTHETIC DEFENCE-NOISE,5.0,5.68,0.15,2,-1.0,3.0,0.062434,0.037817,mixed/TEST_B_EXTENSION/SPK_001__gunshot_transient_insas__+5dB__primary.wav,mixed/TEST_B_EXTENSION/SPK_001__gunshot_transient_insas__+5dB__reference.wav,clean/SPK_001_clean.wav,7228b2e6b5bdf885a8d39bdcb22ffbe5fab20fabb9ac434853d8b2c4ad658ec0,719002,7437;10062;12084,1
SPK_001__gunshot_transient_insas__+10dB,TEST_B_UNSEEN_NOISE_REC,SPK_001,gunshot_transient_insas,IMPULSIVE,PROCEDURAL / SYNTHETIC DEFENCE-NOISE,10.0,10.00,0.15,2,0.0,3.0,0.093819,0.024299,mixed/TEST_B_EXTENSION/SPK_001__gunshot_transient_insas__+10dB__primary.wav,mixed/TEST_B_EXTENSION/SPK_001__gunshot_transient_insas__+10dB__reference.wav,clean/SPK_001_clean.wav,c8c12de4942eddc66334f9b501e39f8367a73d2c50443a30943fe2ea21af4620,232344,7411;10218;12443,1
SPK_002__gunshot_transient_insas__-5dB,TEST_B_UNSEEN_NOISE_REC,SPK_002,gunshot_transient_insas,IMPULSIVE,PROCEDURAL / SYNTHETIC DEFENCE-NOISE,-5.0,0.98,0.15,2,0.0,3.0,0.029904,0.124494,mixed/TEST_B_EXTENSION/SPK_002__gunshot_transient_insas__-5dB__primary.wav,mixed/TEST_B_EXTENSION/SPK_002__gunshot_transient_insas__-5dB__reference.wav,clean/SPK_002_clean.wav,0093588d3f51a801e349f888b6586ac14d83ad0b54eab24ba740956849f1d0c4,446523,7329;10132;12234,1
SPK_002__gunshot_transient_insas__+0dB,TEST_B_UNSEEN_NOISE_REC,SPK_002,gunshot_transient_insas,IMPULSIVE,PROCEDURAL / SYNTHETIC DEFENCE-NOISE,0.0,2.12,0.15,0,-1.0,3.0,0.036565,0.071082,mixed/TEST_B_EXTENSION/SPK_002__gunshot_transient_insas__+0dB__primary.wav,mixed/TEST_B_EXTENSION/SPK_002__gunshot_transient_insas__+0dB__reference.wav,clean/SPK_002_clean.wav,9d6b33c4e6347c9bb1bedbad139bec185a1d7af566f223f1033866808a6751a5,494297,7745;9842;12250,1
SPK_002__gunshot_transient_insas__+5dB,TEST_B_UNSEEN_NOISE_REC,SPK_002,gunshot_transient_insas,IMPULSIVE,PROCEDURAL / SYNTHETIC DEFENCE-NOISE,5.0,4.93,0.15,0,-1.0,3.0,0.058304,0.042274,mixed/TEST_B_EXTENSION/SPK_002__gunshot_transient_insas__+5dB__primary.wav,mixed/TEST_B_EXTENSION/SPK_002__gunshot_transient_insas__+5dB__reference.wav,clean/SPK_002_clean.wav,c164af81f33d405fde7589da7de032b6a1a52fb054897cdef3b96abcf4f8358d,525251,7885;9831;12458,1
SPK_002__gunshot_transient_insas__+10dB,TEST_B_UNSEEN_NOISE_REC,SPK_002,gunshot_transient_insas,IMPULSIVE,PROCEDURAL / SYNTHETIC DEFENCE-NOISE,10.0,9.65,0.15,0,0.0,3.0,0.081582,0.025997,mixed/TEST_B_EXTENSION/SPK_002__gunshot_transient_insas__+10dB__primary.wav,mixed/TEST_B_EXTENSION/SPK_002__gunshot_transient_insas__+10dB__reference.wav,clean/SPK_002_clean.wav,8007e09108293cfd37cc79492115c074990d77e614c825ec0c1084dcb03ebb69,980670,7378;9817;12351,1
SPK_003__gunshot_transient_insas__-5dB,TEST_B_UNSEEN_NOISE_REC,SPK_003,gunshot_transient_insas,IMPULSIVE,PROCEDURAL / SYNTHETIC DEFENCE-NOISE,-5.0,1.06,0.15,1,-1.0,3.0,0.035605,0.131726,mixed/TEST_B_EXTENSION/SPK_003__gunshot_transient_insas__-5dB__primary.wav,mixed/TEST_B_EXTENSION/SPK_003__gunshot_transient_insas__-5dB__reference.wav,clean/SPK_003_clean.wav,2352679c3788c269bb6e5e6b744ce98c5a9b89cb40aae6ad543256e945797e3d,39404,7385;10061;12716,1
SPK_003__gunshot_transient_insas__+0dB,TEST_B_UNSEEN_NOISE_REC,SPK_003,gunshot_transient_insas,IMPULSIVE,PROCEDURAL / SYNTHETIC DEFENCE-NOISE,0.0,2.00,0.15,2,-1.0,3.0,0.036151,0.075008,mixed/TEST_B_EXTENSION/SPK_003__gunshot_transient_insas__+0dB__primary.wav,mixed/TEST_B_EXTENSION/SPK_003__gunshot_transient_insas__+0dB__reference.wav,clean/SPK_003_clean.wav,e0898cd31dff18eb3c081c1c2988fe8ee142d9a86dfbc6c341a6992b55a72c33,635406,7863;9837;12486,1
SPK_003__gunshot_transient_insas__+5dB,TEST_B_UNSEEN_NOISE_REC,SPK_003,gunshot_transient_insas,IMPULSIVE,PROCEDURAL / SYNTHETIC DEFENCE-NOISE,5.0,5.68,0.15,1,0.0,3.0,0.073249,0.044510,mixed/TEST_B_EXTENSION/SPK_003__gunshot_transient_insas__+5dB__primary.wav,mixed/TEST_B_EXTENSION/SPK_003__gunshot_transient_insas__+5dB__reference.wav,clean/SPK_003_clean.wav,ab3d952117b759bdf83f16b127d449e3a0e2959de86f7daa453d953e0839b8d5,793953,7363;10256;12188,1
SPK_003__gunshot_transient_insas__+10dB,TEST_B_UNSEEN_NOISE_REC,SPK_003,gunshot_transient_insas,IMPULSIVE,PROCEDURAL / SYNTHETIC DEFENCE-NOISE,10.0,10.41,0.15,0,0.0,3.0,0.098592,0.028792,mixed/TEST_B_EXTENSION/SPK_003__gunshot_transient_insas__+10dB__primary.wav,mixed/TEST_B_EXTENSION/SPK_003__gunshot_transient_insas__+10dB__reference.wav,clean/SPK_003_clean.wav,ec62d6ec37ff14b7831d62b664699dce0df4d18b7e68d4f6ba8b36b8eba10522,717874,7536;10345;12525,1
SPK_004__gunshot_transient_insas__-5dB,TEST_B_UNSEEN_NOISE_REC,SPK_004,gunshot_transient_insas,IMPULSIVE,PROCEDURAL / SYNTHETIC DEFENCE-NOISE,-5.0,1.02,0.15,2,-1.0,3.0,0.033441,0.134985,mixed/TEST_B_EXTENSION/SPK_004__gunshot_transient_insas__-5dB__primary.wav,mixed/TEST_B_EXTENSION/SPK_004__gunshot_transient_insas__-5dB__reference.wav,clean/SPK_004_clean.wav,d2ab7e3f509b64b1490ced8ba7bbb101c9643c87a645522011fb5e9d1fd5b68d,9897,7791;10095;12245,1
SPK_004__gunshot_transient_insas__+0dB,TEST_B_UNSEEN_NOISE_REC,SPK_004,gunshot_transient_insas,IMPULSIVE,PROCEDURAL / SYNTHETIC DEFENCE-NOISE,0.0,2.44,0.15,1,0.0,3.0,0.047748,0.077131,mixed/TEST_B_EXTENSION/SPK_004__gunshot_transient_insas__+0dB__primary.wav,mixed/TEST_B_EXTENSION/SPK_004__gunshot_transient_insas__+0dB__reference.wav,clean/SPK_004_clean.wav,44b4bc86a8dfea96324c01bcdcd2b6deef24ca3243ab81f918a37041403ec18d,447549,7365;9723;12113,1
SPK_004__gunshot_transient_insas__+5dB,TEST_B_UNSEEN_NOISE_REC,SPK_004,gunshot_transient_insas,IMPULSIVE,PROCEDURAL / SYNTHETIC DEFENCE-NOISE,5.0,4.84,0.15,0,-1.0,3.0,0.061965,0.044992,mixed/TEST_B_EXTENSION/SPK_004__gunshot_transient_insas__+5dB__primary.wav,mixed/TEST_B_EXTENSION/SPK_004__gunshot_transient_insas__+5dB__reference.wav,clean/SPK_004_clean.wav,1992314cfc12b57abe32ee046d7a9bebdd4eedb7054be49529291e0f952e3d09,685030,7986;9754;12672,1
SPK_004__gunshot_transient_insas__+10dB,TEST_B_UNSEEN_NOISE_REC,SPK_004,gunshot_transient_insas,IMPULSIVE,PROCEDURAL / SYNTHETIC DEFENCE-NOISE,10.0,8.53,0.15,0,0.0,3.0,0.078748,0.028926,mixed/TEST_B_EXTENSION/SPK_004__gunshot_transient_insas__+10dB__primary.wav,mixed/TEST_B_EXTENSION/SPK_004__gunshot_transient_insas__+10dB__reference.wav,clean/SPK_004_clean.wav,73542a85d7c0f22f353bb50436de1cfab0b6903559ea4bfe6b7c79f479290d21,640401,7538;9713;12625,1
SPK_005__gunshot_transient_insas__-5dB,TEST_B_UNSEEN_NOISE_REC,SPK_005,gunshot_transient_insas,IMPULSIVE,PROCEDURAL / SYNTHETIC DEFENCE-NOISE,-5.0,1.07,0.15,1,0.0,3.0,0.037520,0.137020,mixed/TEST_B_EXTENSION/SPK_005__gunshot_transient_insas__-5dB__primary.wav,mixed/TEST_B_EXTENSION/SPK_005__gunshot_transient_insas__-5dB__reference.wav,clean/SPK_005_clean.wav,ce53fafb956869400363170c63f16417098c4576f63e3d6848bc9d3cbfeff4c0,425687,7542;10126;12332,1
SPK_005__gunshot_transient_insas__+0dB,TEST_B_UNSEEN_NOISE_REC,SPK_005,gunshot_transient_insas,IMPULSIVE,PROCEDURAL / SYNTHETIC DEFENCE-NOISE,0.0,1.97,0.15,0,-1.0,3.0,0.036971,0.078134,mixed/TEST_B_EXTENSION/SPK_005__gunshot_transient_insas__+0dB__primary.wav,mixed/TEST_B_EXTENSION/SPK_005__gunshot_transient_insas__+0dB__reference.wav,clean/SPK_005_clean.wav,bf48d6063a7390ec37386f6db7f934663a824fbef73305d34f37957e4e199349,439820,7659;9836;12426,1
SPK_005__gunshot_transient_insas__+5dB,TEST_B_UNSEEN_NOISE_REC,SPK_005,gunshot_transient_insas,IMPULSIVE,PROCEDURAL / SYNTHETIC DEFENCE-NOISE,5.0,4.82,0.15,0,0.0,3.0,0.062622,0.045471,mixed/TEST_B_EXTENSION/SPK_005__gunshot_transient_insas__+5dB__primary.wav,mixed/TEST_B_EXTENSION/SPK_005__gunshot_transient_insas__+5dB__reference.wav,clean/SPK_005_clean.wav,784a3f10818a7d26edc53c64625356ef8df00eac00dad3ab8c8bbfa3cf0ff166,239707,7254;9990;12271,1
SPK_005__gunshot_transient_insas__+10dB,TEST_B_UNSEEN_NOISE_REC,SPK_005,gunshot_transient_insas,IMPULSIVE,PROCEDURAL / SYNTHETIC DEFENCE-NOISE,10.0,10.38,0.15,1,0.0,3.0,0.106414,0.029632,mixed/TEST_B_EXTENSION/SPK_005__gunshot_transient_insas__+10dB__primary.wav,mixed/TEST_B_EXTENSION/SPK_005__gunshot_transient_insas__+10dB__reference.wav,clean/SPK_005_clean.wav,d603caa5ebb5f2896f1ee1f0e500c45bef812a9dd27b2ab4efc9b114553accde,203725,7491;9819;12596,1
SPK_006__gunshot_transient_insas__-5dB,TEST_B_UNSEEN_NOISE_REC,SPK_006,gunshot_transient_insas,IMPULSIVE,PROCEDURAL / SYNTHETIC DEFENCE-NOISE,-5.0,0.97,0.15,0,-1.0,3.0,0.032505,0.140339,mixed/TEST_B_EXTENSION/SPK_006__gunshot_transient_insas__-5dB__primary.wav,mixed/TEST_B_EXTENSION/SPK_006__gunshot_transient_insas__-5dB__reference.wav,clean/SPK_006_clean.wav,9a1451e006ad871fb68002d501cc7a51b71c7c43b20b0d8228e98116fb5740de,962177,7817;10159;12588,1
SPK_006__gunshot_transient_insas__+0dB,TEST_B_UNSEEN_NOISE_REC,SPK_006,gunshot_transient_insas,IMPULSIVE,PROCEDURAL / SYNTHETIC DEFENCE-NOISE,0.0,2.38,0.15,2,0.0,3.0,0.047847,0.080361,mixed/TEST_B_EXTENSION/SPK_006__gunshot_transient_insas__+0dB__primary.wav,mixed/TEST_B_EXTENSION/SPK_006__gunshot_transient_insas__+0dB__reference.wav,clean/SPK_006_clean.wav,55261ad70a5514ab3307c762383301b9e24f0f23e87b28408b19cfb8ca1885cb,56541,7591;10279;12450,1
SPK_006__gunshot_transient_insas__+5dB,TEST_B_UNSEEN_NOISE_REC,SPK_006,gunshot_transient_insas,IMPULSIVE,PROCEDURAL / SYNTHETIC DEFENCE-NOISE,5.0,5.50,0.15,2,0.0,3.0,0.074721,0.047288,mixed/TEST_B_EXTENSION/SPK_006__gunshot_transient_insas__+5dB__primary.wav,mixed/TEST_B_EXTENSION/SPK_006__gunshot_transient_insas__+5dB__reference.wav,clean/SPK_006_clean.wav,ed337bff21c526a0e3aabe0a84183e35c0aaeb40d0150ce59f0cf73bbd74677f,268825,7200;9923;12318,1
SPK_006__gunshot_transient_insas__+10dB,TEST_B_UNSEEN_NOISE_REC,SPK_006,gunshot_transient_insas,IMPULSIVE,PROCEDURAL / SYNTHETIC DEFENCE-NOISE,10.0,10.01,0.15,2,0.0,3.0,0.096120,0.029458,mixed/TEST_B_EXTENSION/SPK_006__gunshot_transient_insas__+10dB__primary.wav,mixed/TEST_B_EXTENSION/SPK_006__gunshot_transient_insas__+10dB__reference.wav,clean/SPK_006_clean.wav,5b1f555d8023e514bb1208d72cf13473df97c14c848f7f3255c5f21731e3788d,490706,7549;9996;12485,1
SPK_007__gunshot_transient_insas__-5dB,TEST_B_UNSEEN_NOISE_REC,SPK_007,gunshot_transient_insas,IMPULSIVE,PROCEDURAL / SYNTHETIC DEFENCE-NOISE,-5.0,1.17,0.15,2,0.0,3.0,0.040935,0.119264,mixed/TEST_B_EXTENSION/SPK_007__gunshot_transient_insas__-5dB__primary.wav,mixed/TEST_B_EXTENSION/SPK_007__gunshot_transient_insas__-5dB__reference.wav,clean/SPK_007_clean.wav,14938d4d1bff61a3401aefd9fa3a65dc5862c79664d544fb81b0abef3acd2a9f,34085,7540;9696;12027,1
SPK_007__gunshot_transient_insas__+0dB,TEST_B_UNSEEN_NOISE_REC,SPK_007,gunshot_transient_insas,IMPULSIVE,PROCEDURAL / SYNTHETIC DEFENCE-NOISE,0.0,2.55,0.15,2,0.0,3.0,0.044815,0.068465,mixed/TEST_B_EXTENSION/SPK_007__gunshot_transient_insas__+0dB__primary.wav,mixed/TEST_B_EXTENSION/SPK_007__gunshot_transient_insas__+0dB__reference.wav,clean/SPK_007_clean.wav,761fbd837e73e875e98d8c6e36238f695970e8958438f4185baee0c3694851f4,140989,7303;9858;12467,1
SPK_007__gunshot_transient_insas__+5dB,TEST_B_UNSEEN_NOISE_REC,SPK_007,gunshot_transient_insas,IMPULSIVE,PROCEDURAL / SYNTHETIC DEFENCE-NOISE,5.0,4.86,0.15,0,0.0,3.0,0.054990,0.040235,mixed/TEST_B_EXTENSION/SPK_007__gunshot_transient_insas__+5dB__primary.wav,mixed/TEST_B_EXTENSION/SPK_007__gunshot_transient_insas__+5dB__reference.wav,clean/SPK_007_clean.wav,8e3ef79b114031590132cb824fb99d83d2961c7df39f418cc7a69530387fe417,548875,7416;9918;12793,1
SPK_007__gunshot_transient_insas__+10dB,TEST_B_UNSEEN_NOISE_REC,SPK_007,gunshot_transient_insas,IMPULSIVE,PROCEDURAL / SYNTHETIC DEFENCE-NOISE,10.0,10.04,0.15,2,-1.0,3.0,0.082117,0.025769,mixed/TEST_B_EXTENSION/SPK_007__gunshot_transient_insas__+10dB__primary.wav,mixed/TEST_B_EXTENSION/SPK_007__gunshot_transient_insas__+10dB__reference.wav,clean/SPK_007_clean.wav,91d8ef3fdc5cb8936403ac8d986aa0905860c8a1a9f9138d8786649832f6259f,874948,7341;10285;12421,1
SPK_008__gunshot_transient_insas__-5dB,TEST_B_UNSEEN_NOISE_REC,SPK_008,gunshot_transient_insas,IMPULSIVE,PROCEDURAL / SYNTHETIC DEFENCE-NOISE,-5.0,1.06,0.15,2,0.0,3.0,0.035959,0.137363,mixed/TEST_B_EXTENSION/SPK_008__gunshot_transient_insas__-5dB__primary.wav,mixed/TEST_B_EXTENSION/SPK_008__gunshot_transient_insas__-5dB__reference.wav,clean/SPK_008_clean.wav,e37805931a231f31ef7a9ec888ef7ff1f75e7d01f2b947eb5d8cc66f462cca49,764532,7744;9648;12514,1
SPK_008__gunshot_transient_insas__+0dB,TEST_B_UNSEEN_NOISE_REC,SPK_008,gunshot_transient_insas,IMPULSIVE,PROCEDURAL / SYNTHETIC DEFENCE-NOISE,0.0,1.95,0.15,1,0.0,3.0,0.036901,0.078047,mixed/TEST_B_EXTENSION/SPK_008__gunshot_transient_insas__+0dB__primary.wav,mixed/TEST_B_EXTENSION/SPK_008__gunshot_transient_insas__+0dB__reference.wav,clean/SPK_008_clean.wav,56984a813db4d0c5d65ecc79cc1b43fa1669394648dac1008f1be3ad4a6d8b7f,336254,7901;10309;12680,1
SPK_008__gunshot_transient_insas__+5dB,TEST_B_UNSEEN_NOISE_REC,SPK_008,gunshot_transient_insas,IMPULSIVE,PROCEDURAL / SYNTHETIC DEFENCE-NOISE,5.0,4.68,0.15,1,0.0,3.0,0.060838,0.045638,mixed/TEST_B_EXTENSION/SPK_008__gunshot_transient_insas__+5dB__primary.wav,mixed/TEST_B_EXTENSION/SPK_008__gunshot_transient_insas__+5dB__reference.wav,clean/SPK_008_clean.wav,9585578a976403571cb48dba9c5cfe5cd52a9aa0aa26c0516cfdad8aed00bebe,43715,7738;9618;12580,1
SPK_008__gunshot_transient_insas__+10dB,TEST_B_UNSEEN_NOISE_REC,SPK_008,gunshot_transient_insas,IMPULSIVE,PROCEDURAL / SYNTHETIC DEFENCE-NOISE,10.0,10.34,0.15,2,0.0,3.0,0.100233,0.029173,mixed/TEST_B_EXTENSION/SPK_008__gunshot_transient_insas__+10dB__primary.wav,mixed/TEST_B_EXTENSION/SPK_008__gunshot_transient_insas__+10dB__reference.wav,clean/SPK_008_clean.wav,739505a084474c1d4dd98d3080302cf7a25f43c539c31818afaf374604de2a55,59769,7245;9991;12110,1
SPK_001__artillery_broadband_blast__-5dB,TEST_B_UNSEEN_NOISE_REC,SPK_001,artillery_broadband_blast,IMPULSIVE,PROCEDURAL / SYNTHETIC DEFENCE-NOISE,-5.0,-0.98,0.15,1,0.0,3.0,0.106823,0.112142,mixed/TEST_B_EXTENSION/SPK_001__artillery_broadband_blast__-5dB__primary.wav,mixed/TEST_B_EXTENSION/SPK_001__artillery_broadband_blast__-5dB__reference.wav,clean/SPK_001_clean.wav,7af6fcea131104db760bed11e0c04065363ea063705e2485bff42437fe8c440f,602726,8474;11804,1
SPK_001__artillery_broadband_blast__+0dB,TEST_B_UNSEEN_NOISE_REC,SPK_001,artillery_broadband_blast,IMPULSIVE,PROCEDURAL / SYNTHETIC DEFENCE-NOISE,0.0,-0.00,0.15,0,0.0,3.0,0.126723,0.063852,mixed/TEST_B_EXTENSION/SPK_001__artillery_broadband_blast__+0dB__primary.wav,mixed/TEST_B_EXTENSION/SPK_001__artillery_broadband_blast__+0dB__reference.wav,clean/SPK_001_clean.wav,3041c1233675d2ebfa16e57a0fb28a1c093a61c59375ba15db984bad91ed6e85,979841,8586;11208,1
SPK_001__artillery_broadband_blast__+5dB,TEST_B_UNSEEN_NOISE_REC,SPK_001,artillery_broadband_blast,IMPULSIVE,PROCEDURAL / SYNTHETIC DEFENCE-NOISE,5.0,5.80,0.15,1,-1.0,3.0,0.091540,0.037602,mixed/TEST_B_EXTENSION/SPK_001__artillery_broadband_blast__+5dB__primary.wav,mixed/TEST_B_EXTENSION/SPK_001__artillery_broadband_blast__+5dB__reference.wav,clean/SPK_001_clean.wav,4804e91df22aab0383e3a189227aee7147cf13efb68e62e30ef23cdbf68a9570,769953,8085;11277,1
SPK_001__artillery_broadband_blast__+10dB,TEST_B_UNSEEN_NOISE_REC,SPK_001,artillery_broadband_blast,IMPULSIVE,PROCEDURAL / SYNTHETIC DEFENCE-NOISE,10.0,10.00,0.15,2,0.0,3.0,0.093776,0.023584,mixed/TEST_B_EXTENSION/SPK_001__artillery_broadband_blast__+10dB__primary.wav,mixed/TEST_B_EXTENSION/SPK_001__artillery_broadband_blast__+10dB__reference.wav,clean/SPK_001_clean.wav,8bad8733773520cc4de6ff25b791118232534cfbb71f46cf3226055b58eb9d36,695921,8419;11969,1
SPK_002__artillery_broadband_blast__-5dB,TEST_B_UNSEEN_NOISE_REC,SPK_002,artillery_broadband_blast,IMPULSIVE,PROCEDURAL / SYNTHETIC DEFENCE-NOISE,-5.0,-1.22,0.15,1,0.0,3.0,0.123231,0.124544,mixed/TEST_B_EXTENSION/SPK_002__artillery_broadband_blast__-5dB__primary.wav,mixed/TEST_B_EXTENSION/SPK_002__artillery_broadband_blast__-5dB__reference.wav,clean/SPK_002_clean.wav,bcf0c0ea2dfd56278b0a486baf17f03b962d97ff9e079adfeba3985f2a3b875b,23903,8427;11711,1
SPK_002__artillery_broadband_blast__+0dB,TEST_B_UNSEEN_NOISE_REC,SPK_002,artillery_broadband_blast,IMPULSIVE,PROCEDURAL / SYNTHETIC DEFENCE-NOISE,0.0,1.20,0.15,1,-1.0,3.0,0.120779,0.071386,mixed/TEST_B_EXTENSION/SPK_002__artillery_broadband_blast__+0dB__primary.wav,mixed/TEST_B_EXTENSION/SPK_002__artillery_broadband_blast__+0dB__reference.wav,clean/SPK_002_clean.wav,c260a00f0d50f44a41dfe9ae208a439994743dbabb8e849cff5f05b65f110573,929068,8306;11219,1
SPK_002__artillery_broadband_blast__+5dB,TEST_B_UNSEEN_NOISE_REC,SPK_002,artillery_broadband_blast,IMPULSIVE,PROCEDURAL / SYNTHETIC DEFENCE-NOISE,5.0,5.00,0.15,0,0.0,3.0,0.114092,0.041608,mixed/TEST_B_EXTENSION/SPK_002__artillery_broadband_blast__+5dB__primary.wav,mixed/TEST_B_EXTENSION/SPK_002__artillery_broadband_blast__+5dB__reference.wav,clean/SPK_002_clean.wav,e31f256c277517ffe55934918e4c231023b82a5b65373e194d83bfa1d05103e7,531734,8529;11313,1
SPK_002__artillery_broadband_blast__+10dB,TEST_B_UNSEEN_NOISE_REC,SPK_002,artillery_broadband_blast,IMPULSIVE,PROCEDURAL / SYNTHETIC DEFENCE-NOISE,10.0,10.39,0.15,2,-1.0,3.0,0.092851,0.025796,mixed/TEST_B_EXTENSION/SPK_002__artillery_broadband_blast__+10dB__primary.wav,mixed/TEST_B_EXTENSION/SPK_002__artillery_broadband_blast__+10dB__reference.wav,clean/SPK_002_clean.wav,80b321ed3973f39274c4a32b0d50d73763c55ae4d6a184b9f82e3a2e326ef747,554920,8098;11219,1
SPK_003__artillery_broadband_blast__-5dB,TEST_B_UNSEEN_NOISE_REC,SPK_003,artillery_broadband_blast,IMPULSIVE,PROCEDURAL / SYNTHETIC DEFENCE-NOISE,-5.0,-0.73,0.15,2,0.0,3.0,0.119871,0.131560,mixed/TEST_B_EXTENSION/SPK_003__artillery_broadband_blast__-5dB__primary.wav,mixed/TEST_B_EXTENSION/SPK_003__artillery_broadband_blast__-5dB__reference.wav,clean/SPK_003_clean.wav,b7eb544837cd12f55f11bc674cc60ca86250087a8ffe60ec4c83a83057aa633f,215165,8464;11521,1
SPK_003__artillery_broadband_blast__+0dB,TEST_B_UNSEEN_NOISE_REC,SPK_003,artillery_broadband_blast,IMPULSIVE,PROCEDURAL / SYNTHETIC DEFENCE-NOISE,0.0,1.53,0.15,1,-1.0,3.0,0.121334,0.074973,mixed/TEST_B_EXTENSION/SPK_003__artillery_broadband_blast__+0dB__primary.wav,mixed/TEST_B_EXTENSION/SPK_003__artillery_broadband_blast__+0dB__reference.wav,clean/SPK_003_clean.wav,c2b590ef043ca9a1bf2b55dd85525993b77e328b496e134ef94a45a30e98d629,571227,8703;11942,1
SPK_003__artillery_broadband_blast__+5dB,TEST_B_UNSEEN_NOISE_REC,SPK_003,artillery_broadband_blast,IMPULSIVE,PROCEDURAL / SYNTHETIC DEFENCE-NOISE,5.0,5.00,0.15,0,0.0,3.0,0.120288,0.044701,mixed/TEST_B_EXTENSION/SPK_003__artillery_broadband_blast__+5dB__primary.wav,mixed/TEST_B_EXTENSION/SPK_003__artillery_broadband_blast__+5dB__reference.wav,clean/SPK_003_clean.wav,028575be2f43109ac99119ae3059ffc6c6837f2b0bf84b2448c11620224e1497,31060,8043;11546,1
SPK_003__artillery_broadband_blast__+10dB,TEST_B_UNSEEN_NOISE_REC,SPK_003,artillery_broadband_blast,IMPULSIVE,PROCEDURAL / SYNTHETIC DEFENCE-NOISE,10.0,10.40,0.15,1,-1.0,3.0,0.098107,0.028592,mixed/TEST_B_EXTENSION/SPK_003__artillery_broadband_blast__+10dB__primary.wav,mixed/TEST_B_EXTENSION/SPK_003__artillery_broadband_blast__+10dB__reference.wav,clean/SPK_003_clean.wav,44c359bdbc0edb2360f44833785773d4307e7cf10d59e0e0ff873686535cf486,114007,8068;11878,1
SPK_004__artillery_broadband_blast__-5dB,TEST_B_UNSEEN_NOISE_REC,SPK_004,artillery_broadband_blast,IMPULSIVE,PROCEDURAL / SYNTHETIC DEFENCE-NOISE,-5.0,0.06,0.15,0,-1.0,3.0,0.104651,0.135244,mixed/TEST_B_EXTENSION/SPK_004__artillery_broadband_blast__-5dB__primary.wav,mixed/TEST_B_EXTENSION/SPK_004__artillery_broadband_blast__-5dB__reference.wav,clean/SPK_004_clean.wav,fc128bd85dc3bdc000ea8b581b57dfd6312e4f05d142bebbd08487301ec4c20e,513326,8200;11654,1
SPK_004__artillery_broadband_blast__+0dB,TEST_B_UNSEEN_NOISE_REC,SPK_004,artillery_broadband_blast,IMPULSIVE,PROCEDURAL / SYNTHETIC DEFENCE-NOISE,0.0,1.44,0.15,1,-1.0,3.0,0.126448,0.077284,mixed/TEST_B_EXTENSION/SPK_004__artillery_broadband_blast__+0dB__primary.wav,mixed/TEST_B_EXTENSION/SPK_004__artillery_broadband_blast__+0dB__reference.wav,clean/SPK_004_clean.wav,1e58030598c4d36b989ecd05a5386644845eeadf3cda6b57f65b940bf9989a55,715233,8143;11862,1
SPK_004__artillery_broadband_blast__+5dB,TEST_B_UNSEEN_NOISE_REC,SPK_004,artillery_broadband_blast,IMPULSIVE,PROCEDURAL / SYNTHETIC DEFENCE-NOISE,5.0,5.00,0.15,1,0.0,3.0,0.123589,0.045605,mixed/TEST_B_EXTENSION/SPK_004__artillery_broadband_blast__+5dB__primary.wav,mixed/TEST_B_EXTENSION/SPK_004__artillery_broadband_blast__+5dB__reference.wav,clean/SPK_004_clean.wav,6438560bc45937618b604e92ed6d3d5ac3c577d997a6d20a619baef3d4cff7df,680915,8575;11666,1
SPK_004__artillery_broadband_blast__+10dB,TEST_B_UNSEEN_NOISE_REC,SPK_004,artillery_broadband_blast,IMPULSIVE,PROCEDURAL / SYNTHETIC DEFENCE-NOISE,10.0,10.40,0.15,1,-1.0,3.0,0.100713,0.028640,mixed/TEST_B_EXTENSION/SPK_004__artillery_broadband_blast__+10dB__primary.wav,mixed/TEST_B_EXTENSION/SPK_004__artillery_broadband_blast__+10dB__reference.wav,clean/SPK_004_clean.wav,dc4a414d9f313f9c3ae306268e7093defb6bb9295e8b5585d2c9661bcd139339,354306,8534;11676,1
SPK_005__artillery_broadband_blast__-5dB,TEST_B_UNSEEN_NOISE_REC,SPK_005,artillery_broadband_blast,IMPULSIVE,PROCEDURAL / SYNTHETIC DEFENCE-NOISE,-5.0,-0.04,0.15,0,0.0,3.0,0.108371,0.137124,mixed/TEST_B_EXTENSION/SPK_005__artillery_broadband_blast__-5dB__primary.wav,mixed/TEST_B_EXTENSION/SPK_005__artillery_broadband_blast__-5dB__reference.wav,clean/SPK_005_clean.wav,5f37e36f1a959c2596018df013cc9cb182668a898712c68b2f9f9c369ed9e4f0,922194,8656;11625,1
SPK_005__artillery_broadband_blast__+0dB,TEST_B_UNSEEN_NOISE_REC,SPK_005,artillery_broadband_blast,IMPULSIVE,PROCEDURAL / SYNTHETIC DEFENCE-NOISE,0.0,1.47,0.15,1,0.0,3.0,0.127616,0.077924,mixed/TEST_B_EXTENSION/SPK_005__artillery_broadband_blast__+0dB__primary.wav,mixed/TEST_B_EXTENSION/SPK_005__artillery_broadband_blast__+0dB__reference.wav,clean/SPK_005_clean.wav,b53a6a0f79de18fbb7aded24607686c7dd74192769d895e54cfe5725dd703a6e,181696,8589;11703,1
SPK_005__artillery_broadband_blast__+5dB,TEST_B_UNSEEN_NOISE_REC,SPK_005,artillery_broadband_blast,IMPULSIVE,PROCEDURAL / SYNTHETIC DEFENCE-NOISE,5.0,5.00,0.15,0,0.0,3.0,0.125381,0.046572,mixed/TEST_B_EXTENSION/SPK_005__artillery_broadband_blast__+5dB__primary.wav,mixed/TEST_B_EXTENSION/SPK_005__artillery_broadband_blast__+5dB__reference.wav,clean/SPK_005_clean.wav,2ad41a126ad5ed53a28dbff72e25da498bac3a00e3a98df68d5508bdbe164053,600985,8148;11645,1
SPK_005__artillery_broadband_blast__+10dB,TEST_B_UNSEEN_NOISE_REC,SPK_005,artillery_broadband_blast,IMPULSIVE,PROCEDURAL / SYNTHETIC DEFENCE-NOISE,10.0,10.00,0.15,2,0.0,3.0,0.114567,0.028433,mixed/TEST_B_EXTENSION/SPK_005__artillery_broadband_blast__+10dB__primary.wav,mixed/TEST_B_EXTENSION/SPK_005__artillery_broadband_blast__+10dB__reference.wav,clean/SPK_005_clean.wav,b935477945898f4d144f088451ae7299f41c17f0840caa0dc0f45a0225e20322,255874,8665;11609,1
SPK_006__artillery_broadband_blast__-5dB,TEST_B_UNSEEN_NOISE_REC,SPK_006,artillery_broadband_blast,IMPULSIVE,PROCEDURAL / SYNTHETIC DEFENCE-NOISE,-5.0,-0.39,0.15,2,0.0,3.0,0.119372,0.140391,mixed/TEST_B_EXTENSION/SPK_006__artillery_broadband_blast__-5dB__primary.wav,mixed/TEST_B_EXTENSION/SPK_006__artillery_broadband_blast__-5dB__reference.wav,clean/SPK_006_clean.wav,d8315115a55bccfc551dfc9f06189b289e71c4b35b56246407d4443f1e589acd,641415,8209;11668,1
SPK_006__artillery_broadband_blast__+0dB,TEST_B_UNSEEN_NOISE_REC,SPK_006,artillery_broadband_blast,IMPULSIVE,PROCEDURAL / SYNTHETIC DEFENCE-NOISE,0.0,1.85,0.15,1,-1.0,3.0,0.122775,0.080528,mixed/TEST_B_EXTENSION/SPK_006__artillery_broadband_blast__+0dB__primary.wav,mixed/TEST_B_EXTENSION/SPK_006__artillery_broadband_blast__+0dB__reference.wav,clean/SPK_006_clean.wav,77df61ed4984b9f7dd098731425a9b304ac5fd80766783ad335eae31378d4321,47875,8581;11575,1
SPK_006__artillery_broadband_blast__+5dB,TEST_B_UNSEEN_NOISE_REC,SPK_006,artillery_broadband_blast,IMPULSIVE,PROCEDURAL / SYNTHETIC DEFENCE-NOISE,5.0,5.80,0.15,0,-1.0,3.0,0.114365,0.046680,mixed/TEST_B_EXTENSION/SPK_006__artillery_broadband_blast__+5dB__primary.wav,mixed/TEST_B_EXTENSION/SPK_006__artillery_broadband_blast__+5dB__reference.wav,clean/SPK_006_clean.wav,51e49f59e3119d36a063923befd01d2fe671a5d2a12e92f3d1eda8e60a905d05,368122,8213;11202,1
SPK_006__artillery_broadband_blast__+10dB,TEST_B_UNSEEN_NOISE_REC,SPK_006,artillery_broadband_blast,IMPULSIVE,PROCEDURAL / SYNTHETIC DEFENCE-NOISE,10.0,10.00,0.15,1,0.0,3.0,0.117451,0.029305,mixed/TEST_B_EXTENSION/SPK_006__artillery_broadband_blast__+10dB__primary.wav,mixed/TEST_B_EXTENSION/SPK_006__artillery_broadband_blast__+10dB__reference.wav,clean/SPK_006_clean.wav,70f343b4ee9dfe332e53a5309c2c6cdd8bd73f0fb1b5171c5b5b80b539580088,211388,8390;11604,1
SPK_007__artillery_broadband_blast__-5dB,TEST_B_UNSEEN_NOISE_REC,SPK_007,artillery_broadband_blast,IMPULSIVE,PROCEDURAL / SYNTHETIC DEFENCE-NOISE,-5.0,-1.35,0.15,1,0.0,3.0,0.120760,0.119233,mixed/TEST_B_EXTENSION/SPK_007__artillery_broadband_blast__-5dB__primary.wav,mixed/TEST_B_EXTENSION/SPK_007__artillery_broadband_blast__-5dB__reference.wav,clean/SPK_007_clean.wav,17e6f6c6e0326d05351a7c710dbbbef0c2a01a97f59436c01d1c864d0e1d31bd,711495,8052;11279,1
SPK_007__artillery_broadband_blast__+0dB,TEST_B_UNSEEN_NOISE_REC,SPK_007,artillery_broadband_blast,IMPULSIVE,PROCEDURAL / SYNTHETIC DEFENCE-NOISE,0.0,0.74,0.15,1,0.0,3.0,0.123166,0.068387,mixed/TEST_B_EXTENSION/SPK_007__artillery_broadband_blast__+0dB__primary.wav,mixed/TEST_B_EXTENSION/SPK_007__artillery_broadband_blast__+0dB__reference.wav,clean/SPK_007_clean.wav,a5b2faaa3eaaa89fd7ff540950e2695e202d1f9e73a234cbef7f4473042be920,368254,8653;11319,1
SPK_007__artillery_broadband_blast__+5dB,TEST_B_UNSEEN_NOISE_REC,SPK_007,artillery_broadband_blast,IMPULSIVE,PROCEDURAL / SYNTHETIC DEFENCE-NOISE,5.0,5.80,0.15,1,-1.0,3.0,0.097335,0.040464,mixed/TEST_B_EXTENSION/SPK_007__artillery_broadband_blast__+5dB__primary.wav,mixed/TEST_B_EXTENSION/SPK_007__artillery_broadband_blast__+5dB__reference.wav,clean/SPK_007_clean.wav,a59d7c75ed2baa5f42f6e19d0fbdd2036cc5efca2d20a7301c77c5c026014f4d,129874,8399;11820,1
SPK_007__artillery_broadband_blast__+10dB,TEST_B_UNSEEN_NOISE_REC,SPK_007,artillery_broadband_blast,IMPULSIVE,PROCEDURAL / SYNTHETIC DEFENCE-NOISE,10.0,10.00,0.15,1,0.0,3.0,0.099837,0.024721,mixed/TEST_B_EXTENSION/SPK_007__artillery_broadband_blast__+10dB__primary.wav,mixed/TEST_B_EXTENSION/SPK_007__artillery_broadband_blast__+10dB__reference.wav,clean/SPK_007_clean.wav,2316c21bce0fde63af2dd6fee09cfb7e1fcb7c0024499f66662a9174dfd10ded,606594,8118;11446,1
SPK_008__artillery_broadband_blast__-5dB,TEST_B_UNSEEN_NOISE_REC,SPK_008,artillery_broadband_blast,IMPULSIVE,PROCEDURAL / SYNTHETIC DEFENCE-NOISE,-5.0,-0.02,0.15,0,-1.0,3.0,0.108090,0.137241,mixed/TEST_B_EXTENSION/SPK_008__artillery_broadband_blast__-5dB__primary.wav,mixed/TEST_B_EXTENSION/SPK_008__artillery_broadband_blast__-5dB__reference.wav,clean/SPK_008_clean.wav,675dc14647e651880b656194b57f77678b0cc2627b50772be79b81b13d65399b,829672,8328;11592,1
SPK_008__artillery_broadband_blast__+0dB,TEST_B_UNSEEN_NOISE_REC,SPK_008,artillery_broadband_blast,IMPULSIVE,PROCEDURAL / SYNTHETIC DEFENCE-NOISE,0.0,1.95,0.15,0,0.0,3.0,0.118074,0.078065,mixed/TEST_B_EXTENSION/SPK_008__artillery_broadband_blast__+0dB__primary.wav,mixed/TEST_B_EXTENSION/SPK_008__artillery_broadband_blast__+0dB__reference.wav,clean/SPK_008_clean.wav,27fc96c3a841eaf71540f83d4ea5cbd81c9696ae10151125347c7c77456adec0,857253,8013;11465,1
SPK_008__artillery_broadband_blast__+5dB,TEST_B_UNSEEN_NOISE_REC,SPK_008,artillery_broadband_blast,IMPULSIVE,PROCEDURAL / SYNTHETIC DEFENCE-NOISE,5.0,5.80,0.15,0,-1.0,3.0,0.111915,0.046002,mixed/TEST_B_EXTENSION/SPK_008__artillery_broadband_blast__+5dB__primary.wav,mixed/TEST_B_EXTENSION/SPK_008__artillery_broadband_blast__+5dB__reference.wav,clean/SPK_008_clean.wav,2fac00cf772c3c39d8af2b1a4b611f16a0e004320e2e920d513ece8deebfc4d3,2637,8189;11217,1
SPK_008__artillery_broadband_blast__+10dB,TEST_B_UNSEEN_NOISE_REC,SPK_008,artillery_broadband_blast,IMPULSIVE,PROCEDURAL / SYNTHETIC DEFENCE-NOISE,10.0,10.40,0.15,1,-1.0,3.0,0.102312,0.030105,mixed/TEST_B_EXTENSION/SPK_008__artillery_broadband_blast__+10dB__primary.wav,mixed/TEST_B_EXTENSION/SPK_008__artillery_broadband_blast__+10dB__reference.wav,clean/SPK_008_clean.wav,5222c4c1953902003f3f0272358c41345a6bd31353626ba6118d737f901d95d6,414732,8072;11918,1
