sample_id,split,speaker_id,noise_id,noise_category,provenance,target_snr_db,actual_snr_db,speech_leakage_ratio,delay_samples,gain_mismatch_db,duration_sec,primary_rms,reference_rms,primary_path,reference_path,clean_path,sha256_hash
SPK_001__tank_engine_t90__+5dB,TRAIN,SPK_001,tank_engine_t90,STATIONARY,STANDARDIZED_SIMULATION,5.0,5.0,0.0,0,0.0,3.0,0.103352,0.050298,mixed\TRAIN\SPK_001__tank_engine_t90__+5dB__primary.wav,mixed\TRAIN\SPK_001__tank_engine_t90__+5dB__reference.wav,clean\SPK_001_clean.wav,f828ed9ee87e273385a0f1f6d3035623d6b9e80f77cb6591ce5f95d7102c341b
SPK_001__diesel_idle_apc__+10dB,TRAIN,SPK_001,diesel_idle_apc,STATIONARY,STANDARDIZED_SIMULATION,10.0,10.0,0.0,0,0.0,3.0,0.094263,0.028285,mixed\TRAIN\SPK_001__diesel_idle_apc__+10dB__primary.wav,mixed\TRAIN\SPK_001__diesel_idle_apc__+10dB__reference.wav,clean\SPK_001_clean.wav,7a11029a32365efe6017643bdf588c13f94152b19992edfb75e2fbe4e105f71c
SPK_001__generator_hum_50hz__+15dB,TRAIN,SPK_001,generator_hum_50hz,STATIONARY,STANDARDIZED_SIMULATION,15.0,15.0,0.0,0,0.0,3.0,0.09111,0.015906,mixed\TRAIN\SPK_001__generator_hum_50hz__+15dB__primary.wav,mixed\TRAIN\SPK_001__generator_hum_50hz__+15dB__reference.wav,clean\SPK_001_clean.wav,7bbc347d4f6585973e3618a60135ff5df36aa8f44f3490d63c09fcb238d47e25
SPK_001__helicopter_rotor_dhruv__+5dB,TRAIN,SPK_001,helicopter_rotor_dhruv,PERIODIC_ROTOR,STANDARDIZED_SIMULATION,5.0,5.0,0.0,0,0.0,3.0,0.10287,0.050298,mixed\TRAIN\SPK_001__helicopter_rotor_dhruv__+5dB__primary.wav,mixed\TRAIN\SPK_001__helicopter_rotor_dhruv__+5dB__reference.wav,clean\SPK_001_clean.wav,aed6461bfd3ddc8524162385a39786c44fb306c223b659b4a6f47fab118a3ff9
SPK_001__propeller_rotor_an32__+0dB,TRAIN,SPK_001,propeller_rotor_an32,PERIODIC_ROTOR,STANDARDIZED_SIMULATION,0.0,-0.0,0.0,0,0.0,3.0,0.126859,0.089444,mixed\TRAIN\SPK_001__propeller_rotor_an32__+0dB__primary.wav,mixed\TRAIN\SPK_001__propeller_rotor_an32__+0dB__reference.wav,clean\SPK_001_clean.wav,3d3fd08864ca9f0c4bad6c18c727030eb53bf61eb7c4bccd3ee74ca1826edb21
SPK_001__vehicle_acceleration_track__-5dB,TRAIN,SPK_001,vehicle_acceleration_track,NON_STATIONARY,STANDARDIZED_SIMULATION,-5.0,-5.0,0.0,0,0.0,3.0,0.183789,0.159056,mixed\TRAIN\SPK_001__vehicle_acceleration_track__-5dB__primary.wav,mixed\TRAIN\SPK_001__vehicle_acceleration_track__-5dB__reference.wav,clean\SPK_001_clean.wav,6b5937fe90cf4687ec106587368c47f4ee6430afdcded3f56029c59bc944de3e
SPK_001__tactical_siren_sweep__+15dB,TRAIN,SPK_001,tactical_siren_sweep,NON_STATIONARY,STANDARDIZED_SIMULATION,15.0,15.0,0.0,0,0.0,3.0,0.090938,0.015906,mixed\TRAIN\SPK_001__tactical_siren_sweep__+15dB__primary.wav,mixed\TRAIN\SPK_001__tactical_siren_sweep__+15dB__reference.wav,clean\SPK_001_clean.wav,b9516f7ed8ed31703f50a85ffa9418b3f696593d5973e648276543672e9e98d3
SPK_001__tank_engine_heldout_rec__+0dB,TEST_B_UNSEEN_NOISE_REC,SPK_001,tank_engine_heldout_rec,STATIONARY,STANDARDIZED_SIMULATION,0.0,-0.0,0.15,0,0.0,3.0,0.127554,0.090668,mixed\TEST_B_UNSEEN_NOISE_REC\SPK_001__tank_engine_heldout_rec__+0dB__primary.wav,mixed\TEST_B_UNSEEN_NOISE_REC\SPK_001__tank_engine_heldout_rec__+0dB__reference.wav,clean\SPK_001_clean.wav,39f7bd21a3d1b0bc4d9ac72bd21c9195ae8d62192d7cf23bf1ffd6b55579d87a
SPK_001__helicopter_rotor_heldout_rec__+10dB,TEST_B_UNSEEN_NOISE_REC,SPK_001,helicopter_rotor_heldout_rec,PERIODIC_ROTOR,STANDARDIZED_SIMULATION,10.0,10.0,0.15,0,0.0,3.0,0.093966,0.031376,mixed\TEST_B_UNSEEN_NOISE_REC\SPK_001__helicopter_rotor_heldout_rec__+10dB__primary.wav,mixed\TEST_B_UNSEEN_NOISE_REC\SPK_001__helicopter_rotor_heldout_rec__+10dB__reference.wav,clean\SPK_001_clean.wav,56ff456a43d27a7b15c195c2f75b9222f603fc5441a2a12fbb1cc04abf2ad8fd
SPK_001__gunfire_transient_insas__+5dB,TEST_C_UNSEEN_NOISE_CATEGORY,SPK_001,gunfire_transient_insas,IMPULSIVE_DEFENCE,STANDARDIZED_SIMULATION,5.0,5.0,0.0,0,0.0,3.0,0.102494,0.050298,mixed\TEST_C_UNSEEN_NOISE_CATEGORY\SPK_001__gunfire_transient_insas__+5dB__primary.wav,mixed\TEST_C_UNSEEN_NOISE_CATEGORY\SPK_001__gunfire_transient_insas__+5dB__reference.wav,clean\SPK_001_clean.wav,dd5c061db16719a510370ccbf1bbc38d8683e499498d4e9f86e6b060725009ab
SPK_001__artillery_blast_dhanush__+10dB,TEST_C_UNSEEN_NOISE_CATEGORY,SPK_001,artillery_blast_dhanush,IMPULSIVE_DEFENCE,STANDARDIZED_SIMULATION,10.0,10.0,0.0,0,0.0,3.0,0.093817,0.028285,mixed\TEST_C_UNSEEN_NOISE_CATEGORY\SPK_001__artillery_blast_dhanush__+10dB__primary.wav,mixed\TEST_C_UNSEEN_NOISE_CATEGORY\SPK_001__artillery_blast_dhanush__+10dB__reference.wav,clean\SPK_001_clean.wav,8e3d50b18847c5a39d2154658b9fe693142fa89f97c2c12380713d8741fa7414
SPK_002__tank_engine_t90__-10dB,TRAIN,SPK_002,tank_engine_t90,STATIONARY,STANDARDIZED_SIMULATION,-10.0,-10.0,0.0,0,0.0,3.0,0.329611,0.314307,mixed\TRAIN\SPK_002__tank_engine_t90__-10dB__primary.wav,mixed\TRAIN\SPK_002__tank_engine_t90__-10dB__reference.wav,clean\SPK_002_clean.wav,630fc42812e8d265f53c2455fc2b62b68ed6b077f45ae2c2bc754b46a83edeff
SPK_002__diesel_idle_apc__-5dB,TRAIN,SPK_002,diesel_idle_apc,STATIONARY,STANDARDIZED_SIMULATION,-5.0,-5.0,0.0,0,0.0,3.0,0.202744,0.176748,mixed\TRAIN\SPK_002__diesel_idle_apc__-5dB__primary.wav,mixed\TRAIN\SPK_002__diesel_idle_apc__-5dB__reference.wav,clean\SPK_002_clean.wav,d933533b4dcd8da66c301135ded657b66a5254031adf24f160f6be7e60fcfc65
SPK_002__generator_hum_50hz__+15dB,TRAIN,SPK_002,generator_hum_50hz,STATIONARY,STANDARDIZED_SIMULATION,15.0,15.0,0.0,0,0.0,3.0,0.100945,0.017675,mixed\TRAIN\SPK_002__generator_hum_50hz__+15dB__primary.wav,mixed\TRAIN\SPK_002__generator_hum_50hz__+15dB__reference.wav,clean\SPK_002_clean.wav,a78fe75cdb874320328177409e05f78c457094c27bf85a27671767400771a41b
SPK_002__helicopter_rotor_dhruv__+0dB,TRAIN,SPK_002,helicopter_rotor_dhruv,PERIODIC_ROTOR,STANDARDIZED_SIMULATION,0.0,-0.0,0.0,0,0.0,3.0,0.140534,0.099393,mixed\TRAIN\SPK_002__helicopter_rotor_dhruv__+0dB__primary.wav,mixed\TRAIN\SPK_002__helicopter_rotor_dhruv__+0dB__reference.wav,clean\SPK_002_clean.wav,72872e567ca6bf023d832424ad378b41f1105f7b43854669ad7531957221422a
SPK_002__propeller_rotor_an32__+5dB,TRAIN,SPK_002,propeller_rotor_an32,PERIODIC_ROTOR,STANDARDIZED_SIMULATION,5.0,5.0,0.0,0,0.0,3.0,0.11401,0.055893,mixed\TRAIN\SPK_002__propeller_rotor_an32__+5dB__primary.wav,mixed\TRAIN\SPK_002__propeller_rotor_an32__+5dB__reference.wav,clean\SPK_002_clean.wav,8670dd7e7fba6b222caa39d602c674459a7decf2ddbadec542a0018d03e6c3bd
SPK_002__vehicle_acceleration_track__+15dB,TRAIN,SPK_002,vehicle_acceleration_track,NON_STATIONARY,STANDARDIZED_SIMULATION,15.0,15.0,0.0,0,0.0,3.0,0.100945,0.017675,mixed\TRAIN\SPK_002__vehicle_acceleration_track__+15dB__primary.wav,mixed\TRAIN\SPK_002__vehicle_acceleration_track__+15dB__reference.wav,clean\SPK_002_clean.wav,7729576c35b8ac23d6f9269e34f2aee8319d61fa651850c07283a2bb1c1452d1
SPK_002__tactical_siren_sweep__+5dB,TRAIN,SPK_002,tactical_siren_sweep,NON_STATIONARY,STANDARDIZED_SIMULATION,5.0,5.0,0.0,0,0.0,3.0,0.11401,0.055893,mixed\TRAIN\SPK_002__tactical_siren_sweep__+5dB__primary.wav,mixed\TRAIN\SPK_002__tactical_siren_sweep__+5dB__reference.wav,clean\SPK_002_clean.wav,ce87096ac5644e8d7b0c94cc0217ef7b492ac544f2aa9457b54caae94745d22d
SPK_002__tank_engine_heldout_rec__-5dB,TEST_B_UNSEEN_NOISE_REC,SPK_002,tank_engine_heldout_rec,STATIONARY,STANDARDIZED_SIMULATION,-5.0,-5.0,0.15,0,0.0,3.0,0.202744,0.17737,mixed\TEST_B_UNSEEN_NOISE_REC\SPK_002__tank_engine_heldout_rec__-5dB__primary.wav,mixed\TEST_B_UNSEEN_NOISE_REC\SPK_002__tank_engine_heldout_rec__-5dB__reference.wav,clean\SPK_002_clean.wav,d933533b4dcd8da66c301135ded657b66a5254031adf24f160f6be7e60fcfc65
SPK_002__helicopter_rotor_heldout_rec__+0dB,TEST_B_UNSEEN_NOISE_REC,SPK_002,helicopter_rotor_heldout_rec,PERIODIC_ROTOR,STANDARDIZED_SIMULATION,0.0,-0.0,0.15,0,0.0,3.0,0.140534,0.100499,mixed\TEST_B_UNSEEN_NOISE_REC\SPK_002__helicopter_rotor_heldout_rec__+0dB__primary.wav,mixed\TEST_B_UNSEEN_NOISE_REC\SPK_002__helicopter_rotor_heldout_rec__+0dB__reference.wav,clean\SPK_002_clean.wav,72872e567ca6bf023d832424ad378b41f1105f7b43854669ad7531957221422a
SPK_002__gunfire_transient_insas__-10dB,TEST_C_UNSEEN_NOISE_CATEGORY,SPK_002,gunfire_transient_insas,IMPULSIVE_DEFENCE,STANDARDIZED_SIMULATION,-10.0,-10.0,0.0,0,0.0,3.0,0.329329,0.314307,mixed\TEST_C_UNSEEN_NOISE_CATEGORY\SPK_002__gunfire_transient_insas__-10dB__primary.wav,mixed\TEST_C_UNSEEN_NOISE_CATEGORY\SPK_002__gunfire_transient_insas__-10dB__reference.wav,clean\SPK_002_clean.wav,8f0e499c94044370d10cad375b7b6f81830347b1d07b5e2d8d26dfe0908ab38a
SPK_002__artillery_blast_dhanush__-5dB,TEST_C_UNSEEN_NOISE_CATEGORY,SPK_002,artillery_blast_dhanush,IMPULSIVE_DEFENCE,STANDARDIZED_SIMULATION,-5.0,-5.0,0.0,0,0.0,3.0,0.202812,0.176748,mixed\TEST_C_UNSEEN_NOISE_CATEGORY\SPK_002__artillery_blast_dhanush__-5dB__primary.wav,mixed\TEST_C_UNSEEN_NOISE_CATEGORY\SPK_002__artillery_blast_dhanush__-5dB__reference.wav,clean\SPK_002_clean.wav,d74cbe044ede3cdff3de90f2637a4b644004e1399999c4e7c48ab9d6dc76ad9b
SPK_003__tank_engine_t90__-10dB,TRAIN,SPK_003,tank_engine_t90,STATIONARY,STANDARDIZED_SIMULATION,-10.0,-10.0,0.0,2,0.0,3.0,0.348199,0.331992,mixed\TRAIN\SPK_003__tank_engine_t90__-10dB__primary.wav,mixed\TRAIN\SPK_003__tank_engine_t90__-10dB__reference.wav,clean\SPK_003_clean.wav,4566dbc677fd466769e1ff884e5a11499cf539a57b9c2055d6df14210cb0b1a4
SPK_003__diesel_idle_apc__+10dB,TRAIN,SPK_003,diesel_idle_apc,STATIONARY,STANDARDIZED_SIMULATION,10.0,10.0,0.0,2,0.0,3.0,0.11011,0.033199,mixed\TRAIN\SPK_003__diesel_idle_apc__+10dB__primary.wav,mixed\TRAIN\SPK_003__diesel_idle_apc__+10dB__reference.wav,clean\SPK_003_clean.wav,3d8da7f13c25abed524e981ea4d6934c637a4223016d09aed2d93d3966cbeca8
SPK_003__generator_hum_50hz__+15dB,TRAIN,SPK_003,generator_hum_50hz,STATIONARY,STANDARDIZED_SIMULATION,15.0,15.0,0.0,2,0.0,3.0,0.106633,0.018669,mixed\TRAIN\SPK_003__generator_hum_50hz__+15dB__primary.wav,mixed\TRAIN\SPK_003__generator_hum_50hz__+15dB__reference.wav,clean\SPK_003_clean.wav,8f2ba2710988ce97f451f522161032c78d3d05649e9414ccb1fb274c72bb1224
SPK_003__helicopter_rotor_dhruv__+10dB,TRAIN,SPK_003,helicopter_rotor_dhruv,PERIODIC_ROTOR,STANDARDIZED_SIMULATION,10.0,10.0,0.0,2,0.0,3.0,0.110137,0.033199,mixed\TRAIN\SPK_003__helicopter_rotor_dhruv__+10dB__primary.wav,mixed\TRAIN\SPK_003__helicopter_rotor_dhruv__+10dB__reference.wav,clean\SPK_003_clean.wav,3328b6bf936bb577dd59b8f1f4a804506a08b9db843f7061bab8a005a971e465
SPK_003__propeller_rotor_an32__+10dB,TRAIN,SPK_003,propeller_rotor_an32,PERIODIC_ROTOR,STANDARDIZED_SIMULATION,10.0,10.0,0.0,2,0.0,3.0,0.110137,0.033199,mixed\TRAIN\SPK_003__propeller_rotor_an32__+10dB__primary.wav,mixed\TRAIN\SPK_003__propeller_rotor_an32__+10dB__reference.wav,clean\SPK_003_clean.wav,a6704834b2bb01e0f4193b572b20029a1107e4dc1c8d0029c32b9bc6f8b12a0c
SPK_003__vehicle_acceleration_track__-5dB,TRAIN,SPK_003,vehicle_acceleration_track,NON_STATIONARY,STANDARDIZED_SIMULATION,-5.0,-5.0,0.0,2,0.0,3.0,0.214189,0.186693,mixed\TRAIN\SPK_003__vehicle_acceleration_track__-5dB__primary.wav,mixed\TRAIN\SPK_003__vehicle_acceleration_track__-5dB__reference.wav,clean\SPK_003_clean.wav,2e9d71c45d34eec1bf32e418ea6e1d351eceaa44931d2945b03fba12170b679e
SPK_003__tactical_siren_sweep__+0dB,TRAIN,SPK_003,tactical_siren_sweep,NON_STATIONARY,STANDARDIZED_SIMULATION,0.0,-0.0,0.0,2,0.0,3.0,0.148537,0.104985,mixed\TRAIN\SPK_003__tactical_siren_sweep__+0dB__primary.wav,mixed\TRAIN\SPK_003__tactical_siren_sweep__+0dB__reference.wav,clean\SPK_003_clean.wav,a0692f5ff834b9c01c5ad47878dee3be1ff5121415abdaf5799cefc7862f230e
SPK_003__tank_engine_heldout_rec__+10dB,TEST_B_UNSEEN_NOISE_REC,SPK_003,tank_engine_heldout_rec,STATIONARY,STANDARDIZED_SIMULATION,10.0,10.0,0.15,2,0.0,3.0,0.11011,0.036718,mixed\TEST_B_UNSEEN_NOISE_REC\SPK_003__tank_engine_heldout_rec__+10dB__primary.wav,mixed\TEST_B_UNSEEN_NOISE_REC\SPK_003__tank_engine_heldout_rec__+10dB__reference.wav,clean\SPK_003_clean.wav,3d8da7f13c25abed524e981ea4d6934c637a4223016d09aed2d93d3966cbeca8
SPK_003__helicopter_rotor_heldout_rec__+15dB,TEST_B_UNSEEN_NOISE_REC,SPK_003,helicopter_rotor_heldout_rec,PERIODIC_ROTOR,STANDARDIZED_SIMULATION,15.0,15.0,0.15,2,0.0,3.0,0.106649,0.024425,mixed\TEST_B_UNSEEN_NOISE_REC\SPK_003__helicopter_rotor_heldout_rec__+15dB__primary.wav,mixed\TEST_B_UNSEEN_NOISE_REC\SPK_003__helicopter_rotor_heldout_rec__+15dB__reference.wav,clean\SPK_003_clean.wav,ec94e03b24b4d43fa349c45d3e6ebfc1573190fa768d90a343a3868b9626b8a9
SPK_003__gunfire_transient_insas__+5dB,TEST_C_UNSEEN_NOISE_CATEGORY,SPK_003,gunfire_transient_insas,IMPULSIVE_DEFENCE,STANDARDIZED_SIMULATION,5.0,5.0,0.0,2,0.0,3.0,0.120339,0.059038,mixed\TEST_C_UNSEEN_NOISE_CATEGORY\SPK_003__gunfire_transient_insas__+5dB__primary.wav,mixed\TEST_C_UNSEEN_NOISE_CATEGORY\SPK_003__gunfire_transient_insas__+5dB__reference.wav,clean\SPK_003_clean.wav,c9cb4a4db06639704e19dc018462abf1984545de2233147bea906a2514ab2da9
SPK_003__artillery_blast_dhanush__-10dB,TEST_C_UNSEEN_NOISE_CATEGORY,SPK_003,artillery_blast_dhanush,IMPULSIVE_DEFENCE,STANDARDIZED_SIMULATION,-10.0,-10.0,0.0,2,0.0,3.0,0.348229,0.331993,mixed\TEST_C_UNSEEN_NOISE_CATEGORY\SPK_003__artillery_blast_dhanush__-10dB__primary.wav,mixed\TEST_C_UNSEEN_NOISE_CATEGORY\SPK_003__artillery_blast_dhanush__-10dB__reference.wav,clean\SPK_003_clean.wav,53e5f351edbd444d14fd496a679c41e88f0d7d77690017b09690790ceb8ba09f
SPK_004__tank_engine_t90__-10dB,TRAIN,SPK_004,tank_engine_t90,STATIONARY,STANDARDIZED_SIMULATION,-10.0,-10.0,0.0,0,0.0,3.0,0.357352,0.340751,mixed\TRAIN\SPK_004__tank_engine_t90__-10dB__primary.wav,mixed\TRAIN\SPK_004__tank_engine_t90__-10dB__reference.wav,clean\SPK_004_clean.wav,63c8af78bde0c4d11ecfd7dece0b7e9fa22b32053cc656f258a4f44d997ca1c9
SPK_004__diesel_idle_apc__+5dB,TRAIN,SPK_004,diesel_idle_apc,STATIONARY,STANDARDIZED_SIMULATION,5.0,5.0,0.0,0,0.0,3.0,0.123608,0.060595,mixed\TRAIN\SPK_004__diesel_idle_apc__+5dB__primary.wav,mixed\TRAIN\SPK_004__diesel_idle_apc__+5dB__reference.wav,clean\SPK_004_clean.wav,e55223c60e9c39463b39cda885dd5bf7bee9207b3f4b081d982f1b5611eff61d
SPK_004__generator_hum_50hz__+5dB,TRAIN,SPK_004,generator_hum_50hz,STATIONARY,STANDARDIZED_SIMULATION,5.0,5.0,0.0,0,0.0,3.0,0.123608,0.060595,mixed\TRAIN\SPK_004__generator_hum_50hz__+5dB__primary.wav,mixed\TRAIN\SPK_004__generator_hum_50hz__+5dB__reference.wav,clean\SPK_004_clean.wav,94a285c1bd12a3862920ba89b0d6eac6470140e049b9eeadd7cf254c62a1326a
SPK_004__helicopter_rotor_dhruv__+15dB,TRAIN,SPK_004,helicopter_rotor_dhruv,PERIODIC_ROTOR,STANDARDIZED_SIMULATION,15.0,15.0,0.0,0,0.0,3.0,0.109431,0.019162,mixed\TRAIN\SPK_004__helicopter_rotor_dhruv__+15dB__primary.wav,mixed\TRAIN\SPK_004__helicopter_rotor_dhruv__+15dB__reference.wav,clean\SPK_004_clean.wav,1fbd1e4bcfc9a09131cb0978549a14bf21663deaf7d83d41efe111866d93f51a
SPK_004__propeller_rotor_an32__+15dB,TRAIN,SPK_004,propeller_rotor_an32,PERIODIC_ROTOR,STANDARDIZED_SIMULATION,15.0,15.0,0.0,0,0.0,3.0,0.109431,0.019162,mixed\TRAIN\SPK_004__propeller_rotor_an32__+15dB__primary.wav,mixed\TRAIN\SPK_004__propeller_rotor_an32__+15dB__reference.wav,clean\SPK_004_clean.wav,8ebed29aea1e36e58e5d986ed99422b63839c1d826a91b2978044a2f42157ae4
SPK_004__vehicle_acceleration_track__-5dB,TRAIN,SPK_004,vehicle_acceleration_track,NON_STATIONARY,STANDARDIZED_SIMULATION,-5.0,-5.0,0.0,0,0.0,3.0,0.21981,0.191618,mixed\TRAIN\SPK_004__vehicle_acceleration_track__-5dB__primary.wav,mixed\TRAIN\SPK_004__vehicle_acceleration_track__-5dB__reference.wav,clean\SPK_004_clean.wav,a8b512a0f93de8bcb24dc0f317ef842b187ee3b7fe975f3c47610f57ecf5e9dd
SPK_004__tactical_siren_sweep__-10dB,TRAIN,SPK_004,tactical_siren_sweep,NON_STATIONARY,STANDARDIZED_SIMULATION,-10.0,-10.0,0.0,0,0.0,3.0,0.357307,0.340751,mixed\TRAIN\SPK_004__tactical_siren_sweep__-10dB__primary.wav,mixed\TRAIN\SPK_004__tactical_siren_sweep__-10dB__reference.wav,clean\SPK_004_clean.wav,2382707919cac0faeb58d0f17a27666645b04f5939ef8ece40942a806e285242
SPK_004__tank_engine_heldout_rec__+0dB,TEST_B_UNSEEN_NOISE_REC,SPK_004,tank_engine_heldout_rec,STATIONARY,STANDARDIZED_SIMULATION,0.0,-0.0,0.15,0,0.0,3.0,0.152366,0.108956,mixed\TEST_B_UNSEEN_NOISE_REC\SPK_004__tank_engine_heldout_rec__+0dB__primary.wav,mixed\TEST_B_UNSEEN_NOISE_REC\SPK_004__tank_engine_heldout_rec__+0dB__reference.wav,clean\SPK_004_clean.wav,00d695973e15ca890d1263fdbbbe744b05ac610e7e397e4cf22d072646270761
SPK_004__helicopter_rotor_heldout_rec__+15dB,TEST_B_UNSEEN_NOISE_REC,SPK_004,helicopter_rotor_heldout_rec,PERIODIC_ROTOR,STANDARDIZED_SIMULATION,15.0,15.0,0.15,0,0.0,3.0,0.109431,0.025059,mixed\TEST_B_UNSEEN_NOISE_REC\SPK_004__helicopter_rotor_heldout_rec__+15dB__primary.wav,mixed\TEST_B_UNSEEN_NOISE_REC\SPK_004__helicopter_rotor_heldout_rec__+15dB__reference.wav,clean\SPK_004_clean.wav,1fbd1e4bcfc9a09131cb0978549a14bf21663deaf7d83d41efe111866d93f51a
SPK_004__gunfire_transient_insas__+0dB,TEST_C_UNSEEN_NOISE_CATEGORY,SPK_004,gunfire_transient_insas,IMPULSIVE_DEFENCE,STANDARDIZED_SIMULATION,0.0,0.0,0.0,0,0.0,3.0,0.152111,0.107755,mixed\TEST_C_UNSEEN_NOISE_CATEGORY\SPK_004__gunfire_transient_insas__+0dB__primary.wav,mixed\TEST_C_UNSEEN_NOISE_CATEGORY\SPK_004__gunfire_transient_insas__+0dB__reference.wav,clean\SPK_004_clean.wav,b159a6dd996248ba721fcbed671a50b7b1631dafcc63ed830cf16c15a0dcb811
SPK_004__artillery_blast_dhanush__-5dB,TEST_C_UNSEEN_NOISE_CATEGORY,SPK_004,artillery_blast_dhanush,IMPULSIVE_DEFENCE,STANDARDIZED_SIMULATION,-5.0,-5.0,0.0,0,0.0,3.0,0.219874,0.191618,mixed\TEST_C_UNSEEN_NOISE_CATEGORY\SPK_004__artillery_blast_dhanush__-5dB__primary.wav,mixed\TEST_C_UNSEEN_NOISE_CATEGORY\SPK_004__artillery_blast_dhanush__-5dB__reference.wav,clean\SPK_004_clean.wav,2ce63f21184887195701507e6c8a9cbbd9bc4070a789530a8773398e8e6699cf
SPK_005__tank_engine_t90__+0dB,TRAIN,SPK_005,tank_engine_t90,STATIONARY,STANDARDIZED_SIMULATION,0.0,-0.0,0.0,0,-1.0,3.0,0.154525,0.097404,mixed\TRAIN\SPK_005__tank_engine_t90__+0dB__primary.wav,mixed\TRAIN\SPK_005__tank_engine_t90__+0dB__reference.wav,clean\SPK_005_clean.wav,8d9adb74ad677b75f152dcfd61657ea602fbaa8d78dd5c93dfdcec5badde1d6c
SPK_005__diesel_idle_apc__-10dB,TRAIN,SPK_005,diesel_idle_apc,STATIONARY,STANDARDIZED_SIMULATION,-10.0,-10.0,0.0,0,-1.0,3.0,0.362426,0.308019,mixed\TRAIN\SPK_005__diesel_idle_apc__-10dB__primary.wav,mixed\TRAIN\SPK_005__diesel_idle_apc__-10dB__reference.wav,clean\SPK_005_clean.wav,43829c8ab70abf9e7237f5b05e7c46edd7773ba57cdf023baad168b2d5f374b0
SPK_005__generator_hum_50hz__+5dB,TRAIN,SPK_005,generator_hum_50hz,STATIONARY,STANDARDIZED_SIMULATION,5.0,5.0,0.0,0,-1.0,3.0,0.125361,0.054774,mixed\TRAIN\SPK_005__generator_hum_50hz__+5dB__primary.wav,mixed\TRAIN\SPK_005__generator_hum_50hz__+5dB__reference.wav,clean\SPK_005_clean.wav,bed4bf5821240f6a644fe3fbdcd216b311a87111ab271298dc4dbd50eb222223
SPK_005__helicopter_rotor_dhruv__+0dB,TRAIN,SPK_005,helicopter_rotor_dhruv,PERIODIC_ROTOR,STANDARDIZED_SIMULATION,0.0,-0.0,0.0,0,-1.0,3.0,0.154522,0.097404,mixed\TRAIN\SPK_005__helicopter_rotor_dhruv__+0dB__primary.wav,mixed\TRAIN\SPK_005__helicopter_rotor_dhruv__+0dB__reference.wav,clean\SPK_005_clean.wav,42a3a33e6ef1fcd0f6f2038b4ed2db576fd319e4887b65da2d73a83114061bc8
SPK_005__propeller_rotor_an32__+10dB,TRAIN,SPK_005,propeller_rotor_an32,PERIODIC_ROTOR,STANDARDIZED_SIMULATION,10.0,10.0,0.0,0,-1.0,3.0,0.114608,0.030802,mixed\TRAIN\SPK_005__propeller_rotor_an32__+10dB__primary.wav,mixed\TRAIN\SPK_005__propeller_rotor_an32__+10dB__reference.wav,clean\SPK_005_clean.wav,b3f13a6b219096ab82bd90792ddf6c754615db3a4e3b062c81e5520d03188b23
SPK_005__vehicle_acceleration_track__+10dB,TRAIN,SPK_005,vehicle_acceleration_track,NON_STATIONARY,STANDARDIZED_SIMULATION,10.0,10.0,0.0,0,-1.0,3.0,0.114609,0.030802,mixed\TRAIN\SPK_005__vehicle_acceleration_track__+10dB__primary.wav,mixed\TRAIN\SPK_005__vehicle_acceleration_track__+10dB__reference.wav,clean\SPK_005_clean.wav,aaf442de54611856f70c3147af5b8b7f329be28732e2750830666c10170a7525
SPK_005__tactical_siren_sweep__-5dB,TRAIN,SPK_005,tactical_siren_sweep,NON_STATIONARY,STANDARDIZED_SIMULATION,-5.0,-5.0,0.0,0,-1.0,3.0,0.222924,0.173212,mixed\TRAIN\SPK_005__tactical_siren_sweep__-5dB__primary.wav,mixed\TRAIN\SPK_005__tactical_siren_sweep__-5dB__reference.wav,clean\SPK_005_clean.wav,9ee6e9404143cd183e53d35dcf1a36fbc96ac3ccfaa596388bddaea640f55f0b
SPK_005__tank_engine_heldout_rec__+5dB,TEST_B_UNSEEN_NOISE_REC,SPK_005,tank_engine_heldout_rec,STATIONARY,STANDARDIZED_SIMULATION,5.0,5.0,0.15,0,-1.0,3.0,0.125361,0.057168,mixed\TEST_B_UNSEEN_NOISE_REC\SPK_005__tank_engine_heldout_rec__+5dB__primary.wav,mixed\TEST_B_UNSEEN_NOISE_REC\SPK_005__tank_engine_heldout_rec__+5dB__reference.wav,clean\SPK_005_clean.wav,f574d4a03bc54247e3f2dcd1229c77194b9245b7f620137bd0d0b40cb056e878
SPK_005__helicopter_rotor_heldout_rec__+10dB,TEST_B_UNSEEN_NOISE_REC,SPK_005,helicopter_rotor_heldout_rec,PERIODIC_ROTOR,STANDARDIZED_SIMULATION,10.0,10.0,0.15,0,-1.0,3.0,0.114608,0.034886,mixed\TEST_B_UNSEEN_NOISE_REC\SPK_005__helicopter_rotor_heldout_rec__+10dB__primary.wav,mixed\TEST_B_UNSEEN_NOISE_REC\SPK_005__helicopter_rotor_heldout_rec__+10dB__reference.wav,clean\SPK_005_clean.wav,cce4d50bf4a3216b6f20a6d25e20fe4b51180c186d41dc142c2737f0077fc656
SPK_005__gunfire_transient_insas__+10dB,TEST_C_UNSEEN_NOISE_CATEGORY,SPK_005,gunfire_transient_insas,IMPULSIVE_DEFENCE,STANDARDIZED_SIMULATION,10.0,10.0,0.0,0,-1.0,3.0,0.114648,0.030802,mixed\TEST_C_UNSEEN_NOISE_CATEGORY\SPK_005__gunfire_transient_insas__+10dB__primary.wav,mixed\TEST_C_UNSEEN_NOISE_CATEGORY\SPK_005__gunfire_transient_insas__+10dB__reference.wav,clean\SPK_005_clean.wav,10990fbff045c16deeab7c6fa98fd16cb18d4927a916cb05d2275d8a96e1a50a
SPK_005__artillery_blast_dhanush__-10dB,TEST_C_UNSEEN_NOISE_CATEGORY,SPK_005,artillery_blast_dhanush,IMPULSIVE_DEFENCE,STANDARDIZED_SIMULATION,-10.0,-10.0,0.0,0,-1.0,3.0,0.362456,0.308019,mixed\TEST_C_UNSEEN_NOISE_CATEGORY\SPK_005__artillery_blast_dhanush__-10dB__primary.wav,mixed\TEST_C_UNSEEN_NOISE_CATEGORY\SPK_005__artillery_blast_dhanush__-10dB__reference.wav,clean\SPK_005_clean.wav,7893f24818bed5ae2d7a4a541ff821bb79a6bb8ba542f54009f64a915aa55c1a
SPK_006__tank_engine_t90__+5dB,TRAIN,SPK_006,tank_engine_t90,STATIONARY,STANDARDIZED_SIMULATION,5.0,5.0,0.0,0,0.0,3.0,0.128333,0.062962,mixed\TRAIN\SPK_006__tank_engine_t90__+5dB__primary.wav,mixed\TRAIN\SPK_006__tank_engine_t90__+5dB__reference.wav,clean\SPK_006_clean.wav,cc4e7b4d7bcc1ca7b76726a4f5e7c23ac24ef362350e0e03c1610d60d44d52ae
SPK_006__diesel_idle_apc__+0dB,TRAIN,SPK_006,diesel_idle_apc,STATIONARY,STANDARDIZED_SIMULATION,0.0,-0.0,0.0,0,0.0,3.0,0.158169,0.111964,mixed\TRAIN\SPK_006__diesel_idle_apc__+0dB__primary.wav,mixed\TRAIN\SPK_006__diesel_idle_apc__+0dB__reference.wav,clean\SPK_006_clean.wav,40f38e879824a7c5ec8e94bd6952511d88cd41865f169b870a600776f24b14e6
SPK_006__generator_hum_50hz__+15dB,TRAIN,SPK_006,generator_hum_50hz,STATIONARY,STANDARDIZED_SIMULATION,15.0,15.0,0.0,0,0.0,3.0,0.113678,0.01991,mixed\TRAIN\SPK_006__generator_hum_50hz__+15dB__primary.wav,mixed\TRAIN\SPK_006__generator_hum_50hz__+15dB__reference.wav,clean\SPK_006_clean.wav,42ffcd0cb801a5c085b7e57f0884cd6b1f8ee6efe074c517e1ff018200d94fca
SPK_006__helicopter_rotor_dhruv__+15dB,TRAIN,SPK_006,helicopter_rotor_dhruv,PERIODIC_ROTOR,STANDARDIZED_SIMULATION,15.0,15.0,0.0,0,0.0,3.0,0.113715,0.01991,mixed\TRAIN\SPK_006__helicopter_rotor_dhruv__+15dB__primary.wav,mixed\TRAIN\SPK_006__helicopter_rotor_dhruv__+15dB__reference.wav,clean\SPK_006_clean.wav,b176fa4ce94d45fb73184419dc6799434e36f218c6b82d563f8f69ede4c199af
SPK_006__propeller_rotor_an32__-10dB,TRAIN,SPK_006,propeller_rotor_an32,PERIODIC_ROTOR,STANDARDIZED_SIMULATION,-10.0,-10.0,0.0,0,0.0,3.0,0.371312,0.35406,mixed\TRAIN\SPK_006__propeller_rotor_an32__-10dB__primary.wav,mixed\TRAIN\SPK_006__propeller_rotor_an32__-10dB__reference.wav,clean\SPK_006_clean.wav,90a9ff3c8c311cc9ce1834a608cadebba4e204a4f9e35b98382bcebf51bd35e6
SPK_006__vehicle_acceleration_track__+10dB,TRAIN,SPK_006,vehicle_acceleration_track,NON_STATIONARY,STANDARDIZED_SIMULATION,10.0,10.0,0.0,0,0.0,3.0,0.117355,0.035406,mixed\TRAIN\SPK_006__vehicle_acceleration_track__+10dB__primary.wav,mixed\TRAIN\SPK_006__vehicle_acceleration_track__+10dB__reference.wav,clean\SPK_006_clean.wav,4356c883d0c391192790a865ddc5471e0a5830b5eb7191fefa5375c4d5a952d9
SPK_006__tactical_siren_sweep__-10dB,TRAIN,SPK_006,tactical_siren_sweep,NON_STATIONARY,STANDARDIZED_SIMULATION,-10.0,-10.0,0.0,0,0.0,3.0,0.371312,0.35406,mixed\TRAIN\SPK_006__tactical_siren_sweep__-10dB__primary.wav,mixed\TRAIN\SPK_006__tactical_siren_sweep__-10dB__reference.wav,clean\SPK_006_clean.wav,23ba3eef08b2d5ae618321dfb7c3ff0120572a6afcf64dd56f2c08640a1b2ba4
SPK_006__tank_engine_heldout_rec__+5dB,TEST_B_UNSEEN_NOISE_REC,SPK_006,tank_engine_heldout_rec,STATIONARY,STANDARDIZED_SIMULATION,5.0,5.0,0.15,0,0.0,3.0,0.128333,0.065128,mixed\TEST_B_UNSEEN_NOISE_REC\SPK_006__tank_engine_heldout_rec__+5dB__primary.wav,mixed\TEST_B_UNSEEN_NOISE_REC\SPK_006__tank_engine_heldout_rec__+5dB__reference.wav,clean\SPK_006_clean.wav,cc4e7b4d7bcc1ca7b76726a4f5e7c23ac24ef362350e0e03c1610d60d44d52ae
SPK_006__helicopter_rotor_heldout_rec__+5dB,TEST_B_UNSEEN_NOISE_REC,SPK_006,helicopter_rotor_heldout_rec,PERIODIC_ROTOR,STANDARDIZED_SIMULATION,5.0,5.0,0.15,0,0.0,3.0,0.128437,0.065159,mixed\TEST_B_UNSEEN_NOISE_REC\SPK_006__helicopter_rotor_heldout_rec__+5dB__primary.wav,mixed\TEST_B_UNSEEN_NOISE_REC\SPK_006__helicopter_rotor_heldout_rec__+5dB__reference.wav,clean\SPK_006_clean.wav,868b17e484fe27c4bcef31099c60be373b06c7408be02c3931d210001325ba5a
SPK_006__gunfire_transient_insas__-10dB,TEST_C_UNSEEN_NOISE_CATEGORY,SPK_006,gunfire_transient_insas,IMPULSIVE_DEFENCE,STANDARDIZED_SIMULATION,-10.0,-10.0,0.0,0,0.0,3.0,0.371501,0.35406,mixed\TEST_C_UNSEEN_NOISE_CATEGORY\SPK_006__gunfire_transient_insas__-10dB__primary.wav,mixed\TEST_C_UNSEEN_NOISE_CATEGORY\SPK_006__gunfire_transient_insas__-10dB__reference.wav,clean\SPK_006_clean.wav,bdd2e4493c053d8ff47f77da21b9b9f5668d3166dd7db287d437b3f2ab6349df
SPK_006__artillery_blast_dhanush__+10dB,TEST_C_UNSEEN_NOISE_CATEGORY,SPK_006,artillery_blast_dhanush,IMPULSIVE_DEFENCE,STANDARDIZED_SIMULATION,10.0,10.0,0.0,0,0.0,3.0,0.11741,0.035406,mixed\TEST_C_UNSEEN_NOISE_CATEGORY\SPK_006__artillery_blast_dhanush__+10dB__primary.wav,mixed\TEST_C_UNSEEN_NOISE_CATEGORY\SPK_006__artillery_blast_dhanush__+10dB__reference.wav,clean\SPK_006_clean.wav,9d8b8732750ffc67d842c4866ed748173d610868dc1f8586ada1794acef88041
SPK_007__tank_engine_t90__-5dB,TRAIN,SPK_007,tank_engine_t90,STATIONARY,STANDARDIZED_SIMULATION,-5.0,-5.0,0.15,0,0.0,3.0,0.194074,0.169899,mixed\TRAIN\SPK_007__tank_engine_t90__-5dB__primary.wav,mixed\TRAIN\SPK_007__tank_engine_t90__-5dB__reference.wav,clean\SPK_007_clean.wav,512c768f5bfc75478c6e29af1b8ed4460605ae9abcf272ce278b053992e520e4
SPK_007__diesel_idle_apc__-5dB,TRAIN,SPK_007,diesel_idle_apc,STATIONARY,STANDARDIZED_SIMULATION,-5.0,-5.0,0.15,0,0.0,3.0,0.194074,0.169899,mixed\TRAIN\SPK_007__diesel_idle_apc__-5dB__primary.wav,mixed\TRAIN\SPK_007__diesel_idle_apc__-5dB__reference.wav,clean\SPK_007_clean.wav,512c768f5bfc75478c6e29af1b8ed4460605ae9abcf272ce278b053992e520e4
SPK_007__generator_hum_50hz__+5dB,TRAIN,SPK_007,generator_hum_50hz,STATIONARY,STANDARDIZED_SIMULATION,5.0,5.0,0.15,0,0.0,3.0,0.109136,0.055387,mixed\TRAIN\SPK_007__generator_hum_50hz__+5dB__primary.wav,mixed\TRAIN\SPK_007__generator_hum_50hz__+5dB__reference.wav,clean\SPK_007_clean.wav,7b31d85eff5119efc211d0241c1d36172c8d53938cad177477569d36948d3538
SPK_007__helicopter_rotor_dhruv__+10dB,TRAIN,SPK_007,helicopter_rotor_dhruv,PERIODIC_ROTOR,STANDARDIZED_SIMULATION,10.0,10.0,0.15,0,0.0,3.0,0.099879,0.033332,mixed\TRAIN\SPK_007__helicopter_rotor_dhruv__+10dB__primary.wav,mixed\TRAIN\SPK_007__helicopter_rotor_dhruv__+10dB__reference.wav,clean\SPK_007_clean.wav,5a7acaab2823c4c94d8451c402affebb83c75f731ed7e43f85c000e63ee60c6a
SPK_007__propeller_rotor_an32__+10dB,TRAIN,SPK_007,propeller_rotor_an32,PERIODIC_ROTOR,STANDARDIZED_SIMULATION,10.0,10.0,0.15,0,0.0,3.0,0.099879,0.033332,mixed\TRAIN\SPK_007__propeller_rotor_an32__+10dB__primary.wav,mixed\TRAIN\SPK_007__propeller_rotor_an32__+10dB__reference.wav,clean\SPK_007_clean.wav,ba8e25e958f361e19c561a0c638f89503cc5d2537dd39a6c27da3a950b5ccfee
SPK_007__vehicle_acceleration_track__+10dB,TRAIN,SPK_007,vehicle_acceleration_track,NON_STATIONARY,STANDARDIZED_SIMULATION,10.0,10.0,0.15,0,0.0,3.0,0.099802,0.033297,mixed\TRAIN\SPK_007__vehicle_acceleration_track__+10dB__primary.wav,mixed\TRAIN\SPK_007__vehicle_acceleration_track__+10dB__reference.wav,clean\SPK_007_clean.wav,01e9eb039c768013be25672d369505d2998aa203c17746d7638b8a41565d4b99
SPK_007__tactical_siren_sweep__+10dB,TRAIN,SPK_007,tactical_siren_sweep,NON_STATIONARY,STANDARDIZED_SIMULATION,10.0,10.0,0.15,0,0.0,3.0,0.099879,0.033332,mixed\TRAIN\SPK_007__tactical_siren_sweep__+10dB__primary.wav,mixed\TRAIN\SPK_007__tactical_siren_sweep__+10dB__reference.wav,clean\SPK_007_clean.wav,2aac23e8b508d43d2f26468f679d0b44bca51809ba0a08b3da7ca26445da98df
SPK_007__tank_engine_heldout_rec__-5dB,TEST_B_UNSEEN_NOISE_REC,SPK_007,tank_engine_heldout_rec,STATIONARY,STANDARDIZED_SIMULATION,-5.0,-5.0,0.15,0,0.0,3.0,0.194074,0.169899,mixed\TEST_B_UNSEEN_NOISE_REC\SPK_007__tank_engine_heldout_rec__-5dB__primary.wav,mixed\TEST_B_UNSEEN_NOISE_REC\SPK_007__tank_engine_heldout_rec__-5dB__reference.wav,clean\SPK_007_clean.wav,512c768f5bfc75478c6e29af1b8ed4460605ae9abcf272ce278b053992e520e4
SPK_007__helicopter_rotor_heldout_rec__+15dB,TEST_B_UNSEEN_NOISE_REC,SPK_007,helicopter_rotor_heldout_rec,PERIODIC_ROTOR,STANDARDIZED_SIMULATION,15.0,15.0,0.15,0,0.0,3.0,0.096721,0.022156,mixed\TEST_B_UNSEEN_NOISE_REC\SPK_007__helicopter_rotor_heldout_rec__+15dB__primary.wav,mixed\TEST_B_UNSEEN_NOISE_REC\SPK_007__helicopter_rotor_heldout_rec__+15dB__reference.wav,clean\SPK_007_clean.wav,8ff7de99e2c0073e3d4d322002918aa6802c1e69f206a170c7978680efcf3a10
SPK_007__gunfire_transient_insas__+10dB,TEST_C_UNSEEN_NOISE_CATEGORY,SPK_007,gunfire_transient_insas,IMPULSIVE_DEFENCE,STANDARDIZED_SIMULATION,10.0,10.0,0.15,0,0.0,3.0,0.099913,0.033347,mixed\TEST_C_UNSEEN_NOISE_CATEGORY\SPK_007__gunfire_transient_insas__+10dB__primary.wav,mixed\TEST_C_UNSEEN_NOISE_CATEGORY\SPK_007__gunfire_transient_insas__+10dB__reference.wav,clean\SPK_007_clean.wav,4c46e6153b0f60ceb82c5b2076f1743901fdb8b8ce08f3a5427cd4f36f5a167b
SPK_007__artillery_blast_dhanush__+10dB,TEST_C_UNSEEN_NOISE_CATEGORY,SPK_007,artillery_blast_dhanush,IMPULSIVE_DEFENCE,STANDARDIZED_SIMULATION,10.0,10.0,0.15,0,0.0,3.0,0.099849,0.033318,mixed\TEST_C_UNSEEN_NOISE_CATEGORY\SPK_007__artillery_blast_dhanush__+10dB__primary.wav,mixed\TEST_C_UNSEEN_NOISE_CATEGORY\SPK_007__artillery_blast_dhanush__+10dB__reference.wav,clean\SPK_007_clean.wav,33210777dec1081fc97511b38384cdaaddaac707ea40185bff3626090d82ff9d
SPK_008__tank_engine_t90__+15dB,TRAIN,SPK_008,tank_engine_t90,STATIONARY,STANDARDIZED_SIMULATION,15.0,15.0,0.0,0,-1.0,3.0,0.111166,0.017347,mixed\TRAIN\SPK_008__tank_engine_t90__+15dB__primary.wav,mixed\TRAIN\SPK_008__tank_engine_t90__+15dB__reference.wav,clean\SPK_008_clean.wav,43b135da96afd5537e68f9a10c37e1a62ceb0af2e5ae6cfe83c28164670d9e72
SPK_008__diesel_idle_apc__-5dB,TRAIN,SPK_008,diesel_idle_apc,STATIONARY,STANDARDIZED_SIMULATION,-5.0,-5.0,0.0,0,-1.0,3.0,0.223285,0.173468,mixed\TRAIN\SPK_008__diesel_idle_apc__-5dB__primary.wav,mixed\TRAIN\SPK_008__diesel_idle_apc__-5dB__reference.wav,clean\SPK_008_clean.wav,f49b1afad93adb266bba672a04d5f5b5449962021b95b2ff6845fe11b4bef111
SPK_008__generator_hum_50hz__+10dB,TRAIN,SPK_008,generator_hum_50hz,STATIONARY,STANDARDIZED_SIMULATION,10.0,10.0,0.0,0,-1.0,3.0,0.114789,0.030847,mixed\TRAIN\SPK_008__generator_hum_50hz__+10dB__primary.wav,mixed\TRAIN\SPK_008__generator_hum_50hz__+10dB__reference.wav,clean\SPK_008_clean.wav,b3d5a8a9996ba83f504def6bc51c45ac557670015986fcab3bc92e14d35952e0
SPK_008__helicopter_rotor_dhruv__+15dB,TRAIN,SPK_008,helicopter_rotor_dhruv,PERIODIC_ROTOR,STANDARDIZED_SIMULATION,15.0,15.0,0.0,0,-1.0,3.0,0.111165,0.017347,mixed\TRAIN\SPK_008__helicopter_rotor_dhruv__+15dB__primary.wav,mixed\TRAIN\SPK_008__helicopter_rotor_dhruv__+15dB__reference.wav,clean\SPK_008_clean.wav,ace16df79828ba0c5511163ff4adcba7c8f2f0cb323f547a57e6e8f4de71d0a3
SPK_008__propeller_rotor_an32__-10dB,TRAIN,SPK_008,propeller_rotor_an32,PERIODIC_ROTOR,STANDARDIZED_SIMULATION,-10.0,-10.0,0.0,0,-1.0,3.0,0.362988,0.308475,mixed\TRAIN\SPK_008__propeller_rotor_an32__-10dB__primary.wav,mixed\TRAIN\SPK_008__propeller_rotor_an32__-10dB__reference.wav,clean\SPK_008_clean.wav,26f52f85bd13b47287e4b8eb6ad75529258b41df5ca0f4e33a9539b6c5e9d328
SPK_008__vehicle_acceleration_track__-5dB,TRAIN,SPK_008,vehicle_acceleration_track,NON_STATIONARY,STANDARDIZED_SIMULATION,-5.0,-5.0,0.0,0,-1.0,3.0,0.223285,0.173468,mixed\TRAIN\SPK_008__vehicle_acceleration_track__-5dB__primary.wav,mixed\TRAIN\SPK_008__vehicle_acceleration_track__-5dB__reference.wav,clean\SPK_008_clean.wav,f49b1afad93adb266bba672a04d5f5b5449962021b95b2ff6845fe11b4bef111
SPK_008__tactical_siren_sweep__+0dB,TRAIN,SPK_008,tactical_siren_sweep,NON_STATIONARY,STANDARDIZED_SIMULATION,0.0,-0.0,0.0,0,-1.0,3.0,0.154773,0.097548,mixed\TRAIN\SPK_008__tactical_siren_sweep__+0dB__primary.wav,mixed\TRAIN\SPK_008__tactical_siren_sweep__+0dB__reference.wav,clean\SPK_008_clean.wav,8b6f8cfbd0eff5fa0b1ab88023a040876682ecb07c971de9f51c852b3e21c7f3
SPK_008__tank_engine_heldout_rec__+0dB,TEST_B_UNSEEN_NOISE_REC,SPK_008,tank_engine_heldout_rec,STATIONARY,STANDARDIZED_SIMULATION,0.0,-0.0,0.15,0,-1.0,3.0,0.154777,0.098918,mixed\TEST_B_UNSEEN_NOISE_REC\SPK_008__tank_engine_heldout_rec__+0dB__primary.wav,mixed\TEST_B_UNSEEN_NOISE_REC\SPK_008__tank_engine_heldout_rec__+0dB__reference.wav,clean\SPK_008_clean.wav,6217c68637f8d09a7c283a949251fa5470df2fe386326baa4d730e8e335ed248
SPK_008__helicopter_rotor_heldout_rec__+0dB,TEST_B_UNSEEN_NOISE_REC,SPK_008,helicopter_rotor_heldout_rec,PERIODIC_ROTOR,STANDARDIZED_SIMULATION,0.0,0.0,0.15,0,-1.0,3.0,0.154773,0.098917,mixed\TEST_B_UNSEEN_NOISE_REC\SPK_008__helicopter_rotor_heldout_rec__+0dB__primary.wav,mixed\TEST_B_UNSEEN_NOISE_REC\SPK_008__helicopter_rotor_heldout_rec__+0dB__reference.wav,clean\SPK_008_clean.wav,1aabd50c66983d5a091ea96680985d98ebe695a855ce3178619c681e2bc02f8c
SPK_008__gunfire_transient_insas__+5dB,TEST_C_UNSEEN_NOISE_CATEGORY,SPK_008,gunfire_transient_insas,IMPULSIVE_DEFENCE,STANDARDIZED_SIMULATION,5.0,5.0,0.0,0,-1.0,3.0,0.125616,0.054855,mixed\TEST_C_UNSEEN_NOISE_CATEGORY\SPK_008__gunfire_transient_insas__+5dB__primary.wav,mixed\TEST_C_UNSEEN_NOISE_CATEGORY\SPK_008__gunfire_transient_insas__+5dB__reference.wav,clean\SPK_008_clean.wav,91f7ab0b479eaaa78ecc3f18178311e79c97226ea513df3c158a9420a467cfbe
SPK_008__artillery_blast_dhanush__+5dB,TEST_C_UNSEEN_NOISE_CATEGORY,SPK_008,artillery_blast_dhanush,IMPULSIVE_DEFENCE,STANDARDIZED_SIMULATION,5.0,5.0,0.0,0,-1.0,3.0,0.125618,0.054855,mixed\TEST_C_UNSEEN_NOISE_CATEGORY\SPK_008__artillery_blast_dhanush__+5dB__primary.wav,mixed\TEST_C_UNSEEN_NOISE_CATEGORY\SPK_008__artillery_blast_dhanush__+5dB__reference.wav,clean\SPK_008_clean.wav,3016fce301f912963c24aabb5b9a0344a196b3310598ef02310178f0928bf0fa
SPK_009__tank_engine_t90__+5dB,TEST_A_UNSEEN_SPEAKER,SPK_009,tank_engine_t90,STATIONARY,STANDARDIZED_SIMULATION,5.0,5.0,0.15,0,0.0,3.0,0.104165,0.052804,mixed\TEST_A_UNSEEN_SPEAKER\SPK_009__tank_engine_t90__+5dB__primary.wav,mixed\TEST_A_UNSEEN_SPEAKER\SPK_009__tank_engine_t90__+5dB__reference.wav,clean\SPK_009_clean.wav,9e22e171d6492b48731cc81acb437db4a525f267922c895a30b86f9b347b8683
SPK_009__diesel_idle_apc__+10dB,TEST_A_UNSEEN_SPEAKER,SPK_009,diesel_idle_apc,STATIONARY,STANDARDIZED_SIMULATION,10.0,10.0,0.15,0,0.0,3.0,0.095171,0.031773,mixed\TEST_A_UNSEEN_SPEAKER\SPK_009__diesel_idle_apc__+10dB__primary.wav,mixed\TEST_A_UNSEEN_SPEAKER\SPK_009__diesel_idle_apc__+10dB__reference.wav,clean\SPK_009_clean.wav,7a545620c30cba3a4c11ed9fdc7bee8692be78b5f0c4ec099ec1bd7224550b60
SPK_009__generator_hum_50hz__+15dB,TEST_A_UNSEEN_SPEAKER,SPK_009,generator_hum_50hz,STATIONARY,STANDARDIZED_SIMULATION,15.0,15.0,0.15,0,0.0,3.0,0.092123,0.021128,mixed\TEST_A_UNSEEN_SPEAKER\SPK_009__generator_hum_50hz__+15dB__primary.wav,mixed\TEST_A_UNSEEN_SPEAKER\SPK_009__generator_hum_50hz__+15dB__reference.wav,clean\SPK_009_clean.wav,908ce4753b5c9b6182a9536ecc614da3544c57b845c7db9c2437de7906170742
SPK_009__helicopter_rotor_dhruv__+5dB,TEST_A_UNSEEN_SPEAKER,SPK_009,helicopter_rotor_dhruv,PERIODIC_ROTOR,STANDARDIZED_SIMULATION,5.0,5.0,0.15,0,0.0,3.0,0.104013,0.052759,mixed\TEST_A_UNSEEN_SPEAKER\SPK_009__helicopter_rotor_dhruv__+5dB__primary.wav,mixed\TEST_A_UNSEEN_SPEAKER\SPK_009__helicopter_rotor_dhruv__+5dB__reference.wav,clean\SPK_009_clean.wav,6b4b8be01c9f34846e90749894da32bf2ddaa86f6e8c11a6d5b14b2a044f2ae7
SPK_009__propeller_rotor_an32__-5dB,TEST_A_UNSEEN_SPEAKER,SPK_009,propeller_rotor_an32,PERIODIC_ROTOR,STANDARDIZED_SIMULATION,-5.0,-5.0,0.15,0,0.0,3.0,0.184964,0.161759,mixed\TEST_A_UNSEEN_SPEAKER\SPK_009__propeller_rotor_an32__-5dB__primary.wav,mixed\TEST_A_UNSEEN_SPEAKER\SPK_009__propeller_rotor_an32__-5dB__reference.wav,clean\SPK_009_clean.wav,9bfd92405308470f3470cd3a133cce037821adb191c3b90f662924012be30280
SPK_009__vehicle_acceleration_track__+5dB,TEST_A_UNSEEN_SPEAKER,SPK_009,vehicle_acceleration_track,NON_STATIONARY,STANDARDIZED_SIMULATION,5.0,5.0,0.15,0,0.0,3.0,0.104165,0.052804,mixed\TEST_A_UNSEEN_SPEAKER\SPK_009__vehicle_acceleration_track__+5dB__primary.wav,mixed\TEST_A_UNSEEN_SPEAKER\SPK_009__vehicle_acceleration_track__+5dB__reference.wav,clean\SPK_009_clean.wav,9e22e171d6492b48731cc81acb437db4a525f267922c895a30b86f9b347b8683
SPK_009__tactical_siren_sweep__-5dB,TEST_A_UNSEEN_SPEAKER,SPK_009,tactical_siren_sweep,NON_STATIONARY,STANDARDIZED_SIMULATION,-5.0,-5.0,0.15,0,0.0,3.0,0.184964,0.161759,mixed\TEST_A_UNSEEN_SPEAKER\SPK_009__tactical_siren_sweep__-5dB__primary.wav,mixed\TEST_A_UNSEEN_SPEAKER\SPK_009__tactical_siren_sweep__-5dB__reference.wav,clean\SPK_009_clean.wav,a8feee60df5dabf27385c4899b50d6553f9452be067197d4bbfa8c9ca95b5888
SPK_009__tank_engine_heldout_rec__-5dB,TEST_A_UNSEEN_SPEAKER,SPK_009,tank_engine_heldout_rec,STATIONARY,STANDARDIZED_SIMULATION,-5.0,-5.0,0.15,0,0.0,3.0,0.185234,0.161805,mixed\TEST_A_UNSEEN_SPEAKER\SPK_009__tank_engine_heldout_rec__-5dB__primary.wav,mixed\TEST_A_UNSEEN_SPEAKER\SPK_009__tank_engine_heldout_rec__-5dB__reference.wav,clean\SPK_009_clean.wav,b1b79379baa95a81e7eb68cc38e277a5381849d7d2671ff5faef97abe318c61c
SPK_009__helicopter_rotor_heldout_rec__-5dB,TEST_A_UNSEEN_SPEAKER,SPK_009,helicopter_rotor_heldout_rec,PERIODIC_ROTOR,STANDARDIZED_SIMULATION,-5.0,-5.0,0.15,0,0.0,3.0,0.184964,0.161759,mixed\TEST_A_UNSEEN_SPEAKER\SPK_009__helicopter_rotor_heldout_rec__-5dB__primary.wav,mixed\TEST_A_UNSEEN_SPEAKER\SPK_009__helicopter_rotor_heldout_rec__-5dB__reference.wav,clean\SPK_009_clean.wav,b910a8dcc7a7de6525b59f358617b910ac7ceeed8afb878077a55adca3f237c9
SPK_009__gunfire_transient_insas__+0dB,TEST_C_UNSEEN_NOISE_CATEGORY,SPK_009,gunfire_transient_insas,IMPULSIVE_DEFENCE,STANDARDIZED_SIMULATION,0.0,-0.0,0.15,0,0.0,3.0,0.128117,0.091638,mixed\TEST_C_UNSEEN_NOISE_CATEGORY\SPK_009__gunfire_transient_insas__+0dB__primary.wav,mixed\TEST_C_UNSEEN_NOISE_CATEGORY\SPK_009__gunfire_transient_insas__+0dB__reference.wav,clean\SPK_009_clean.wav,89d8ec386aa238fc6c80fe49f680aa39991f82f980ed0a1029769cef22620bbf
SPK_009__artillery_blast_dhanush__+5dB,TEST_C_UNSEEN_NOISE_CATEGORY,SPK_009,artillery_blast_dhanush,IMPULSIVE_DEFENCE,STANDARDIZED_SIMULATION,5.0,5.0,0.15,0,0.0,3.0,0.10404,0.052767,mixed\TEST_C_UNSEEN_NOISE_CATEGORY\SPK_009__artillery_blast_dhanush__+5dB__primary.wav,mixed\TEST_C_UNSEEN_NOISE_CATEGORY\SPK_009__artillery_blast_dhanush__+5dB__reference.wav,clean\SPK_009_clean.wav,ae65dcddbbc755cf2bc5e5c4dd78d3447c8ad49b143f24405669f763b1c39761
SPK_010__tank_engine_t90__-10dB,TEST_A_UNSEEN_SPEAKER,SPK_010,tank_engine_t90,STATIONARY,STANDARDIZED_SIMULATION,-10.0,-10.0,0.0,2,0.0,3.0,0.374789,0.357463,mixed\TEST_A_UNSEEN_SPEAKER\SPK_010__tank_engine_t90__-10dB__primary.wav,mixed\TEST_A_UNSEEN_SPEAKER\SPK_010__tank_engine_t90__-10dB__reference.wav,clean\SPK_010_clean.wav,553312da226d90892e238b6eda1b1af4a86f7f9237548970381596bc16e71c02
SPK_010__diesel_idle_apc__-5dB,TEST_A_UNSEEN_SPEAKER,SPK_010,diesel_idle_apc,STATIONARY,STANDARDIZED_SIMULATION,-5.0,-5.0,0.0,2,0.0,3.0,0.230508,0.201016,mixed\TEST_A_UNSEEN_SPEAKER\SPK_010__diesel_idle_apc__-5dB__primary.wav,mixed\TEST_A_UNSEEN_SPEAKER\SPK_010__diesel_idle_apc__-5dB__reference.wav,clean\SPK_010_clean.wav,0d0e3715c0f9e6d1a73993bb8aedf25ee2678e3fe8687a50b88e33cd4fd7b451
SPK_010__generator_hum_50hz__-5dB,TEST_A_UNSEEN_SPEAKER,SPK_010,generator_hum_50hz,STATIONARY,STANDARDIZED_SIMULATION,-5.0,-5.0,0.0,2,0.0,3.0,0.230508,0.201016,mixed\TEST_A_UNSEEN_SPEAKER\SPK_010__generator_hum_50hz__-5dB__primary.wav,mixed\TEST_A_UNSEEN_SPEAKER\SPK_010__generator_hum_50hz__-5dB__reference.wav,clean\SPK_010_clean.wav,2d2c46496e13c88e8e4fcba228e3b7aba2dcf7c2b22ca87658b4c48c1eca7ba5
SPK_010__helicopter_rotor_dhruv__+10dB,TEST_A_UNSEEN_SPEAKER,SPK_010,helicopter_rotor_dhruv,PERIODIC_ROTOR,STANDARDIZED_SIMULATION,10.0,10.0,0.0,2,0.0,3.0,0.118527,0.035746,mixed\TEST_A_UNSEEN_SPEAKER\SPK_010__helicopter_rotor_dhruv__+10dB__primary.wav,mixed\TEST_A_UNSEEN_SPEAKER\SPK_010__helicopter_rotor_dhruv__+10dB__reference.wav,clean\SPK_010_clean.wav,a63999d537a6ecf85ad2aba1a4fcd4b9e0b675dbdd0753bbbe206d86f61058cc
SPK_010__propeller_rotor_an32__+10dB,TEST_A_UNSEEN_SPEAKER,SPK_010,propeller_rotor_an32,PERIODIC_ROTOR,STANDARDIZED_SIMULATION,10.0,10.0,0.0,2,0.0,3.0,0.118527,0.035746,mixed\TEST_A_UNSEEN_SPEAKER\SPK_010__propeller_rotor_an32__+10dB__primary.wav,mixed\TEST_A_UNSEEN_SPEAKER\SPK_010__propeller_rotor_an32__+10dB__reference.wav,clean\SPK_010_clean.wav,18910bb612a0e536fbdd3d0ccd69bfacbf831d12d62ab1a222e6d6ac7ac981b5
SPK_010__vehicle_acceleration_track__-5dB,TEST_A_UNSEEN_SPEAKER,SPK_010,vehicle_acceleration_track,NON_STATIONARY,STANDARDIZED_SIMULATION,-5.0,-5.0,0.0,2,0.0,3.0,0.230508,0.201016,mixed\TEST_A_UNSEEN_SPEAKER\SPK_010__vehicle_acceleration_track__-5dB__primary.wav,mixed\TEST_A_UNSEEN_SPEAKER\SPK_010__vehicle_acceleration_track__-5dB__reference.wav,clean\SPK_010_clean.wav,0d0e3715c0f9e6d1a73993bb8aedf25ee2678e3fe8687a50b88e33cd4fd7b451
SPK_010__tactical_siren_sweep__+0dB,TEST_A_UNSEEN_SPEAKER,SPK_010,tactical_siren_sweep,NON_STATIONARY,STANDARDIZED_SIMULATION,0.0,-0.0,0.0,2,0.0,3.0,0.159791,0.11304,mixed\TEST_A_UNSEEN_SPEAKER\SPK_010__tactical_siren_sweep__+0dB__primary.wav,mixed\TEST_A_UNSEEN_SPEAKER\SPK_010__tactical_siren_sweep__+0dB__reference.wav,clean\SPK_010_clean.wav,5c68391de62d3e7bdaa9f2c4165886116c0a09e45f5fbe4a1f6f0ed2c8bca4db
SPK_010__tank_engine_heldout_rec__+10dB,TEST_A_UNSEEN_SPEAKER,SPK_010,tank_engine_heldout_rec,STATIONARY,STANDARDIZED_SIMULATION,10.0,10.0,0.15,2,0.0,3.0,0.118519,0.03955,mixed\TEST_A_UNSEEN_SPEAKER\SPK_010__tank_engine_heldout_rec__+10dB__primary.wav,mixed\TEST_A_UNSEEN_SPEAKER\SPK_010__tank_engine_heldout_rec__+10dB__reference.wav,clean\SPK_010_clean.wav,84f63280f74a421316d4a9f98fcf31c92236fad41b0b35280c9a4bdd260b1de9
SPK_010__helicopter_rotor_heldout_rec__-10dB,TEST_A_UNSEEN_SPEAKER,SPK_010,helicopter_rotor_heldout_rec,PERIODIC_ROTOR,STANDARDIZED_SIMULATION,-10.0,-10.0,0.15,2,0.0,3.0,0.374815,0.357855,mixed\TEST_A_UNSEEN_SPEAKER\SPK_010__helicopter_rotor_heldout_rec__-10dB__primary.wav,mixed\TEST_A_UNSEEN_SPEAKER\SPK_010__helicopter_rotor_heldout_rec__-10dB__reference.wav,clean\SPK_010_clean.wav,ce3032241b8b4d678ecca26edbd2301baeac946d949264b947ead459d6fae6bb
SPK_010__gunfire_transient_insas__+10dB,TEST_C_UNSEEN_NOISE_CATEGORY,SPK_010,gunfire_transient_insas,IMPULSIVE_DEFENCE,STANDARDIZED_SIMULATION,10.0,10.0,0.0,2,0.0,3.0,0.118646,0.035746,mixed\TEST_C_UNSEEN_NOISE_CATEGORY\SPK_010__gunfire_transient_insas__+10dB__primary.wav,mixed\TEST_C_UNSEEN_NOISE_CATEGORY\SPK_010__gunfire_transient_insas__+10dB__reference.wav,clean\SPK_010_clean.wav,b556d8ea9dfbdefda566b8399c70d52e2a757cc3596cabacb1171445173c1706
SPK_010__artillery_blast_dhanush__-10dB,TEST_C_UNSEEN_NOISE_CATEGORY,SPK_010,artillery_blast_dhanush,IMPULSIVE_DEFENCE,STANDARDIZED_SIMULATION,-10.0,-10.0,0.0,2,0.0,3.0,0.374864,0.357465,mixed\TEST_C_UNSEEN_NOISE_CATEGORY\SPK_010__artillery_blast_dhanush__-10dB__primary.wav,mixed\TEST_C_UNSEEN_NOISE_CATEGORY\SPK_010__artillery_blast_dhanush__-10dB__reference.wav,clean\SPK_010_clean.wav,2a72aa1b41e78dd2b86668ebcda50ea67b6b7cd2fd67fbae8c0f7cb908f24042
